 6.29332272e+00, 5.54588618e+00
 6.37633666e+00, 5.08334454e+00
 6.33398846e+00, 5.21025416e+00
 6.98078870e+00, 6.16197614e+00
 5.70947378e+00, 5.44590339e+00
 6.81176582e+00, 5.41299329e+00
 5.54030284e+00, 6.10494183e+00
 6.25963627e+00, 6.76867255e+00
 6.66648812e+00, 6.43104178e+00
 5.56150483e+00, 6.64664730e+00
 6.92571710e+00, 6.80144502e+00
 5.39088470e+00, 5.57502155e+00
 5.01394592e+00, 5.10653311e+00
 5.86693786e+00, 6.92598300e+00
 5.40882594e+00, 6.88465520e+00
 5.03370199e+00, 6.78334174e+00
 5.97871531e+00, 6.71214375e+00
 6.29061305e+00, 5.53702488e+00
 5.10293612e+00, 6.54118776e+00
 5.09126926e+00, 5.79353578e+00
 6.91995920e+00, 5.89545444e+00
 6.80432081e+00, 6.87989621e+00
 6.32823892e+00, 6.18069428e+00
 5.39451637e+00, 5.82381876e+00
 6.00192135e+00, 6.57467576e+00
 5.86948979e+00, 6.68894534e+00
 5.96796900e+00, 6.07526643e+00
 5.21681037e+00, 6.74567283e+00
 5.30345556e+00, 6.01556024e+00
 6.62223638e+00, 5.53930033e+00
 6.81984311e+00, 6.21683870e+00
 6.22804832e+00, 6.40777328e+00
 6.64846746e+00, 6.78035165e+00
 5.55518681e+00, 6.71539529e+00
 6.52204388e+00, 5.93940378e+00
 5.48883148e+00, 5.97171066e+00
 5.83337245e+00, 6.61532424e+00
 6.33133810e+00, 6.58819522e+00
 5.53205464e+00, 6.84139372e+00
 6.87029379e+00, 5.50057765e+00
 5.03635410e+00, 6.69839474e+00
 5.93311098e+00, 5.33856500e+00
 6.28524420e+00, 5.45593453e+00
 6.56870686e+00, 5.34971059e+00
 6.69163105e+00, 5.18623924e+00
 6.71186147e+00, 5.19642300e+00
 5.91914536e+00, 6.10825276e+00
 5.07791386e+00, 6.13507420e+00
 6.35804129e+00, 5.19582705e+00
 6.58993405e+00, 5.12946041e+00
 6.16759444e+00, 6.41911791e+00
 5.24628795e+00, 6.81435156e+00
 6.77334137e+00, 6.92204737e+00
 6.96495872e+00, 5.71326403e+00
 6.11525756e+00, 5.24620365e+00
 5.95321746e+00, 6.00334949e+00
 5.94292144e+00, 5.36765998e+00
 6.70692241e+00, 5.01231521e+00
 6.43775570e+00, 6.09013474e+00
 6.43804087e+00, 5.77499612e+00
 6.96963863e+00, 6.18273946e+00
 6.72012022e+00, 5.05167178e+00
 5.82193041e+00, 5.98205271e+00
 6.09046056e+00, 6.28472670e+00
 6.64731023e+00, 6.40161243e+00
 6.85405576e+00, 6.09505793e+00
 5.46103198e+00, 5.77830700e+00
 6.79199317e+00, 6.90048377e+00
 5.35246184e+00, 6.70488734e+00
 6.70384747e+00, 5.63272109e+00
 5.64869653e+00, 5.90143361e+00
 5.63229332e+00, 6.53679408e+00
 6.74649486e+00, 5.83222524e+00
 6.95297532e+00, 5.40900182e+00
 5.35036032e+00, 6.00159968e+00
 5.18959272e+00, 5.52758313e+00
 5.06309880e+00, 6.87752690e+00
 5.26266973e+00, 5.56171028e+00
 5.96491671e+00, 5.99206413e+00
 6.06080717e+00, 5.83880865e+00
 5.59742478e+00, 5.33256480e+00
 5.56816320e+00, 6.34109038e+00
 5.43712965e+00, 5.91214196e+00
 5.47425248e+00, 6.76472356e+00
 6.89921679e+00, 6.91724217e+00
 5.13162860e+00, 5.43037805e+00
 5.85025724e+00, 5.07797770e+00
 5.92369177e+00, 5.34711754e+00
 5.24256242e+00, 5.52221755e+00
 5.45086158e+00, 5.01422630e+00
 5.24055666e+00, 6.69131244e+00
 6.77402460e+00, 6.57360161e+00
 6.97494454e+00, 5.26311108e+00
 5.85574822e+00, 6.04052971e+00
 5.34107060e+00, 5.65447428e+00
 5.05567179e+00, 5.37619567e+00
 5.43206277e+00, 5.69718504e+00
 6.45399181e+00, 6.24228181e+00
 5.51077127e+00, 5.42222695e+00
 6.15787121e+00, 6.89753448e+00
 6.32226706e+00, 6.02731675e+00
 5.85680178e+00, 6.75696691e+00
 5.06967613e+00, 5.94311500e+00
 5.23986393e+00, 5.17396651e+00
 5.84598714e+00, 6.54447391e+00
 6.10671613e+00, 5.32406668e+00
 6.81380717e+00, 5.95920394e+00
 5.48282030e+00, 5.84722469e+00
 6.75525811e+00, 5.81088738e+00
 5.75956689e+00, 6.65432304e+00
 6.73591318e+00, 6.55619483e+00
 5.82973956e+00, 5.40680483e+00
 6.44299073e+00, 6.51551749e+00
 5.71214827e+00, 5.38793260e+00
 5.42493174e+00, 5.61724166e+00
 6.65222248e+00, 5.06416860e+00
 6.10217125e+00, 5.93316510e+00
 6.82288697e+00, 5.12263370e+00
 5.52702245e+00, 6.85357017e+00
 6.66108404e+00, 5.72669148e+00
 5.26104696e+00, 5.75986313e+00
 6.27619518e+00, 5.62024555e+00
 6.89241018e+00, 5.21460105e+00
 6.40159454e+00, 6.55823601e+00
 6.41655383e+00, 5.14289780e+00
 6.95164981e+00, 5.42596298e+00
 6.66340092e+00, 6.79784088e+00
 6.17882432e+00, 5.50457846e+00
 5.23091677e+00, 6.57842031e+00
 5.25503105e+00, 6.24989551e+00
 6.21491766e+00, 6.08004981e+00
 5.13302178e+00, 6.69387356e+00
 5.66480034e+00, 6.63468810e+00
 6.80069351e+00, 5.38503327e+00
 5.67040041e+00, 6.18637944e+00
 6.09221333e+00, 6.27056800e+00
 5.31154939e+00, 5.85736338e+00
 6.47489058e+00, 5.99681426e+00
 6.15855401e+00, 6.29021428e+00
 6.90352480e+00, 6.13116528e+00
 5.27889724e+00, 6.37698123e+00
 6.20613118e+00, 6.56279503e+00
 5.66993726e+00, 5.75770802e+00
 5.44618841e+00, 6.47726113e+00
 5.98768446e+00, 6.64271155e+00
 6.09918386e+00, 6.01269331e+00
 5.89289738e+00, 6.19937629e+00
 5.61635174e+00, 5.63742314e+00
 5.91262160e+00, 6.22051801e+00
 5.16324684e+00, 5.43647313e+00
 5.05260092e+00, 5.30224432e+00
 6.31048633e+00, 5.72959991e+00
 6.90002863e+00, 6.44069097e+00
 6.62138411e+00, 6.45387786e+00
 6.07408859e+00, 5.23242319e+00
 6.36791771e+00, 5.21832255e+00
 6.15550920e+00, 6.74174962e+00
 6.18348425e+00, 6.83138055e+00
 5.92988925e+00, 6.19591660e+00
 6.55034650e+00, 6.47343519e+00
 5.19345834e+00, 6.22572730e+00
 6.82485800e+00, 5.97829809e+00
 6.88085538e+00, 6.73690776e+00
 6.83038916e+00, 6.69553431e+00
 5.84981864e+00, 5.08026220e+00
 6.56039427e+00, 5.93796671e+00
 5.32462540e+00, 6.85948212e+00
 5.80331097e+00, 6.24142686e+00
 5.50838594e+00, 5.68384855e+00
 5.72714814e+00, 5.07510311e+00
 5.93640714e+00, 5.39443440e+00
 6.46199330e+00, 6.78558458e+00
 6.22353393e+00, 5.45140383e+00
 6.77030634e+00, 5.80659233e+00
 6.53310998e+00, 6.88706032e+00
 6.69841831e+00, 6.35143273e+00
 6.17353826e+00, 6.44900322e+00
 6.79823365e+00, 5.47020788e+00
 5.58938742e+00, 5.30781672e+00
 5.67625639e+00, 5.06344442e+00
 5.55822525e+00, 6.61397734e+00
 6.53193694e+00, 6.51390814e+00
 6.08288632e+00, 6.96901588e+00
 5.31649655e+00, 5.16257299e+00
 6.64481808e+00, 5.87207369e+00
 5.84238229e+00, 6.02811558e+00
 5.04428394e+00, 5.60029061e+00
 5.96397300e+00, 5.57683720e+00
 6.06315017e+00, 6.31402105e+00
 5.58652998e+00, 5.00972991e+00
 5.60137078e+00, 5.82017144e+00
 6.51238248e+00, 6.96457406e+00
 6.24332022e+00, 6.13647190e+00
 5.60691559e+00, 6.56820884e+00
 5.99398843e+00, 6.80613669e+00
 5.17443914e+00, 5.56901457e+00
 6.87854966e+00, 5.60528488e+00
 6.54905709e+00, 6.26700893e+00
 5.73647591e+00, 6.83531919e+00
 5.36443588e+00, 5.90404847e+00
 6.93783194e+00, 5.43291577e+00
 6.95704349e+00, 6.95932404e+00
 6.67597012e+00, 6.10607120e+00
 6.63755816e+00, 6.60400751e+00
 6.78784650e+00, 5.83450298e+00
 6.88851249e+00, 5.60262220e+00
 5.94119052e+00, 6.77988791e+00
 6.94022038e+00, 5.56710877e+00
 6.32424009e+00, 6.11403920e+00
 6.54374976e+00, 6.96078523e+00
 6.49311596e+00, 6.52747982e+00
 5.73377630e+00, 5.13677682e+00
 5.64263595e+00, 5.92489647e+00
 5.41464835e+00, 6.31281386e+00
 5.26637646e+00, 5.05957848e+00
 6.03949745e+00, 5.20041233e+00
 6.28754227e+00, 6.91266610e+00
 6.55473370e+00, 6.30883777e+00
 6.48121182e+00, 6.32316310e+00
 6.30600585e+00, 5.57052944e+00
 5.40517984e+00, 5.32057775e+00
 5.77795489e+00, 5.18156023e+00
 6.59210217e+00, 6.65898541e+00
 5.57965666e+00, 5.38956332e+00
 5.34813584e+00, 5.86181056e+00
 6.97631302e+00, 5.44841219e+00
 6.83819235e+00, 6.86773644e+00
 5.43899888e+00, 6.94099752e+00
 5.27545603e+00, 6.14520303e+00
 5.06433779e+00, 5.54103204e+00
 5.19861326e+00, 5.85341590e+00
 5.51395772e+00, 5.22874968e+00
 5.81404775e+00, 5.65190347e+00
 5.37326555e+00, 6.44472861e+00
 5.22438427e+00, 5.03916035e+00
 5.71761982e+00, 6.09802205e+00
 5.69741505e+00, 5.81323071e+00
 6.45624068e+00, 6.40422647e+00
 5.67232494e+00, 6.91967433e+00
 6.01774228e+00, 5.08468379e+00
 6.25070297e+00, 6.20725100e+00
 5.11953399e+00, 5.34522434e+00
 5.50279536e+00, 5.70310500e+00
 5.29885428e+00, 5.67992769e+00
 5.10980385e+00, 5.03194538e+00
 6.06989120e+00, 6.47974233e+00
 6.35537146e+00, 5.39755587e+00
 5.29615116e+00, 6.59676471e+00
 6.40373393e+00, 5.78660458e+00
 5.27358650e+00, 6.19759035e+00
 5.74643723e+00, 6.29236778e+00
 6.40795302e+00, 5.30842978e+00
 6.98665827e+00, 6.01025779e+00
 6.15171032e+00, 6.18918641e+00
 6.46694401e+00, 5.49992512e+00
 6.43563548e+00, 5.24331578e+00
 5.43076969e+00, 5.71425495e+00
 5.34790137e+00, 6.74968702e+00
 5.44390545e+00, 5.18868295e+00
 5.49762612e+00, 5.33450374e+00
 5.15627732e+00, 6.79411909e+00
 5.28143268e+00, 5.55295368e+00
 6.01302062e+00, 6.14717137e+00
 5.35956847e+00, 5.26443580e+00
 5.06060527e+00, 6.94696691e+00
 6.11906000e+00, 6.20205277e+00
 5.79359097e+00, 6.74253117e+00
 6.05510285e+00, 6.49992954e+00
 5.69182687e+00, 5.50954866e+00
 5.90366157e+00, 5.31535417e+00
 6.80956073e+00, 6.93090751e+00
 5.75471188e+00, 6.73800850e+00
 5.88884642e+00, 5.79710915e+00
 5.79494457e+00, 6.27528591e+00
 5.48059143e+00, 6.35963455e+00
 5.57439448e+00, 6.51828919e+00
 5.55197911e+00, 6.31855332e+00
 5.03001205e+00, 6.17447766e+00
 5.60461229e+00, 6.55123877e+00
 6.61389663e+00, 5.88232408e+00
 5.20599595e+00, 5.61260556e+00
 5.94440525e+00, 6.67476178e+00
 6.90416131e+00, 5.62519936e+00
 5.74319376e+00, 5.60696391e+00
 5.71899740e+00, 6.07361442e+00
 5.26553055e+00, 5.30400300e+00
 5.09521110e+00, 5.04141249e+00
 5.32720928e+00, 5.04420313e+00
 6.82919134e+00, 5.28322148e+00
 5.15928087e+00, 5.78084867e+00
 5.53754945e+00, 6.57009020e+00
 6.78539581e+00, 6.02183014e+00
 5.58276480e+00, 5.66581291e+00
 5.48441259e+00, 5.05784753e+00
 6.10533582e+00, 6.37520478e+00
 6.22003362e+00, 5.29415684e+00
 6.65778965e+00, 5.51942214e+00
 6.31601796e+00, 6.09310693e+00
 6.58292740e+00, 6.56480871e+00
 6.16498115e+00, 5.93196991e+00
 6.80733913e+00, 6.74772551e+00
 5.54967198e+00, 6.58506958e+00
 6.92099792e+00, 5.44062567e+00
 5.87198181e+00, 5.56511750e+00
 6.04376528e+00, 6.19133381e+00
 5.61132524e+00, 6.99133040e+00
 5.75135315e+00, 6.29775780e+00
 6.20315050e+00, 6.64901060e+00
 6.04817706e+00, 6.33821218e+00
 5.08105463e+00, 5.28584595e+00
 5.41742292e+00, 6.48653223e+00
 5.46813489e+00, 5.32258320e+00
 6.16175476e+00, 5.67628345e+00
 6.26423754e+00, 6.06789533e+00
 5.17014098e+00, 6.94483494e+00
 5.69366085e+00, 5.11801158e+00
 6.03223492e+00, 5.94874985e+00
 5.86312459e+00, 6.72358208e+00
 5.49597916e+00, 6.17357585e+00
 5.36219618e+00, 6.21496048e+00
 5.11794771e+00, 5.02057479e+00
 6.98822012e+00, 6.15954359e+00
 6.17486471e+00, 5.87506325e+00
 6.72934323e+00, 6.62154292e+00
 5.40787756e+00, 6.67395540e+00
 5.97275785e+00, 5.10478856e+00
 5.83401818e+00, 5.20232659e+00
 6.19301927e+00, 5.46325087e+00
 6.41197366e+00, 6.80426711e+00
 6.54027408e+00, 5.71037771e+00
 6.19686510e+00, 5.17110380e+00
 5.96034279e+00, 5.76725736e+00
 5.79083412e+00, 5.46034066e+00
 6.71559068e+00, 6.54349933e+00
 5.66720669e+00, 6.08727210e+00
 6.00740051e+00, 6.95787836e+00
 6.48549997e+00, 6.84202590e+00
 6.58150203e+00, 6.66778838e+00
 5.33690307e+00, 5.43435151e+00
 6.62538631e+00, 6.07943005e+00
 6.23643992e+00, 5.59978131e+00
 6.50903241e+00, 5.35614198e+00
 6.68046644e+00, 6.49225685e+00
 6.24777958e+00, 5.15593346e+00
 6.89594921e+00, 6.59535768e+00
 6.68523203e+00, 5.08791307e+00
 6.67716761e+00, 6.15154241e+00
 6.91193713e+00, 6.07672194e+00
 6.44122250e+00, 5.13121372e+00
 6.64275246e+00, 5.27697184e+00
 5.31532905e+00, 6.03848107e+00
 5.66320454e+00, 6.38102824e+00
 6.33964041e+00, 6.82040706e+00
 6.24878476e+00, 6.77773641e+00
 5.02257854e+00, 6.27840914e+00
 6.93943442e+00, 5.08943915e+00
 6.86104587e+00, 5.51466920e+00
 5.20961418e+00, 6.56666090e+00
 5.52174868e+00, 6.28283070e+00
 6.82688181e+00, 5.76519305e+00
 6.29979144e+00, 5.91974719e+00
 5.99740766e+00, 6.87026377e+00
 6.97130602e+00, 5.23571925e+00
 6.05702117e+00, 5.24005202e+00
 6.01953331e+00, 6.15282363e+00
 6.41489194e+00, 5.58526041e+00
 6.94896375e+00, 6.75174906e+00
 5.13757118e+00, 5.11047448e+00
 6.03664879e+00, 5.01816948e+00
 5.77431921e+00, 6.05347231e+00
 5.57661763e+00, 6.30256696e+00
 6.42658472e+00, 5.14690275e+00
 5.97661229e+00, 6.50987665e+00
 6.43088748e+00, 5.09105200e+00
 5.99592317e+00, 5.16861570e+00
 6.51613302e+00, 6.26131512e+00
 6.76505909e+00, 5.98896023e+00
 6.14120906e+00, 5.01705519e+00
 6.03107952e+00, 5.74808206e+00
 6.86613740e+00, 6.44653008e+00
 5.57267946e+00, 5.79867695e+00
 6.09593534e+00, 5.88552650e+00
 5.68364976e+00, 5.74661572e+00
 5.63137062e+00, 6.48546347e+00
 6.13449892e+00, 6.60372242e+00
 5.12070337e+00, 5.79483355e+00
 6.44695680e+00, 5.89276903e+00
 5.16127985e+00, 5.03280027e+00
 6.75703243e+00, 6.97493852e+00
 5.58026770e+00, 6.06307313e+00
 5.83880739e+00, 6.39207775e+00
 6.26800837e+00, 6.03514194e+00
 6.67221013e+00, 6.71607971e+00
 6.45185577e+00, 5.37191908e+00
 6.56277988e+00, 6.95103636e+00
 6.51139667e+00, 6.85493622e+00
 6.60120398e+00, 6.63791025e+00
 6.93583416e+00, 5.07950286e+00
 5.80006127e+00, 6.58188317e+00
 6.74253842e+00, 6.11130479e+00
 6.91481249e+00, 5.16021844e+00
 5.78737273e+00, 5.00394166e+00
 6.20583804e+00, 5.52584576e+00
 6.10903792e+00, 5.80117647e+00
 5.36955978e+00, 5.06646720e+00
 6.63936924e+00, 6.50349630e+00
 5.56269265e+00, 6.32919072e+00
 5.01110624e+00, 5.39367156e+00
 6.14933342e+00, 5.96518294e+00
 6.60363754e+00, 5.85580270e+00
 6.78865825e+00, 6.82967704e+00
 6.48944059e+00, 6.15606557e+00
 5.46346339e+00, 6.05551469e+00
 5.10584826e+00, 5.13256304e+00
 5.59593285e+00, 5.40050908e+00
 6.55722997e+00, 5.98486910e+00
 6.38656250e+00, 5.26996941e+00
 5.72878290e+00, 5.72594014e+00
 6.46435543e+00, 5.14164759e+00
 5.73466528e+00, 6.19318750e+00
 6.68351418e+00, 5.73209948e+00
 6.37499304e+00, 6.16582618e+00
 5.23769512e+00, 6.23802637e+00
 6.76969802e+00, 5.90225302e+00
 6.10076919e+00, 5.53571566e+00
 6.49085090e+00, 5.15862578e+00
 5.97129344e+00, 6.43277933e+00
 5.33187488e+00, 5.37266996e+00
 5.03432834e+00, 6.57670612e+00
 5.84672703e+00, 6.41687171e+00
 5.38655886e+00, 6.70745575e+00
 5.62739381e+00, 6.38703510e+00
 5.47066756e+00, 6.62311103e+00
 5.51673386e+00, 6.28849853e+00
 6.07872754e+00, 5.78805994e+00
 5.80864890e+00, 6.77474011e+00
 5.53426584e+00, 5.73872003e+00
 6.49731275e+00, 5.49759384e+00
 6.96113772e+00, 6.08352136e+00
 6.79585938e+00, 6.11255462e+00
 5.91574123e+00, 5.18521208e+00
 6.73274321e+00, 5.70430170e+00
 6.99785780e+00, 5.58041101e+00
 5.71479437e+00, 6.83668291e+00
 6.79758271e+00, 5.91064499e+00
 6.70470566e+00, 5.86668329e+00
 6.90690477e+00, 5.54715396e+00
 6.12289686e+00, 5.67467601e+00
 6.01192964e+00, 6.70352316e+00
 6.38523121e+00, 5.15777304e+00
 5.74884256e+00, 6.81900832e+00
 6.28966308e+00, 6.12646053e+00
 6.58680875e+00, 6.20153847e+00
 6.08077362e+00, 6.67635573e+00
 5.01672430e+00, 5.36868540e+00
 6.76213073e+00, 6.34713472e+00
 6.69322986e+00, 5.80949863e+00
 5.14279254e+00, 5.07381224e+00
 5.16453192e+00, 6.44362390e+00
 5.63911599e+00, 5.42746609e+00
 6.52703695e+00, 5.28033930e+00
 6.67092936e+00, 6.42815335e+00
 6.72371053e+00, 5.21709709e+00
 5.72556957e+00, 6.43909007e+00
 5.18789177e+00, 6.23491102e+00
 6.31494896e+00, 6.81667522e+00
 6.65445096e+00, 6.45660193e+00
 6.33764818e+00, 6.84539558e+00
 6.60429909e+00, 5.81464179e+00
 6.82195371e+00, 6.59817821e+00
 6.78114187e+00, 6.98986278e+00
 6.87616979e+00, 6.70040743e+00
 5.30862023e+00, 6.14831797e+00
 6.14321855e+00, 6.75914961e+00
 6.41906502e+00, 6.97873462e+00
 6.16856042e+00, 6.23766402e+00
 5.00685040e+00, 6.68638200e+00
 6.13392164e+00, 5.31735036e+00
 6.02387245e+00, 5.84019864e+00
 6.59103027e+00, 6.68130459e+00
 5.46607382e+00, 5.15206236e+00
 6.42573800e+00, 5.59651203e+00
 6.13857103e+00, 5.50272130e+00
 5.19793486e+00, 6.45498262e+00
 5.08251170e+00, 6.36751693e+00
 5.62984436e+00, 5.97411260e+00
 6.80332367e+00, 5.20959987e+00
 6.52849365e+00, 5.35200285e+00
 6.91602916e+00, 5.28986894e+00
 5.07932282e+00, 5.47928829e+00
 5.81668804e+00, 6.35754249e+00
 5.19051974e+00, 6.89594111e+00
 5.75760539e+00, 6.99262073e+00
 5.33374371e+00, 6.90366892e+00
 5.55286683e+00, 5.62902224e+00
 6.11634156e+00, 6.06147970e+00
 5.78265122e+00, 6.46695901e+00
 5.48765515e+00, 5.43907746e+00
 5.92584796e+00, 5.47706695e+00
 6.12141696e+00, 6.13955051e+00
 6.42945057e+00, 6.49671068e+00
 6.02803365e+00, 5.51343833e+00
 5.27198709e+00, 5.51198192e+00
 5.98322112e+00, 6.25112254e+00
 6.68662326e+00, 5.76255273e+00
 5.94919332e+00, 5.47484899e+00
 6.49404931e+00, 5.11566867e+00
 6.53730079e+00, 6.38524955e+00
 6.05097083e+00, 5.19847235e+00
 5.35704046e+00, 5.35102614e+00
 5.50118988e+00, 6.60184308e+00
 6.71250238e+00, 5.73042652e+00
 6.23472514e+00, 5.96190631e+00
 6.19943958e+00, 6.62468563e+00
 6.58404565e+00, 6.61036489e+00
 6.36236814e+00, 6.48264142e+00
 5.12465377e+00, 5.28789708e+00
 6.21619115e+00, 6.46566994e+00
 5.66109609e+00, 6.79207596e+00
 5.65053094e+00, 5.29830593e+00
 6.00972181e+00, 6.68378555e+00
 5.16616536e+00, 5.31241792e+00
 5.81069331e+00, 5.88797186e+00
 6.37046110e+00, 6.99643436e+00
 5.59195642e+00, 5.95065525e+00
 5.77867608e+00, 5.87666291e+00
 6.23165309e+00, 5.92693739e+00
 6.21800680e+00, 5.95448342e+00
 6.87343361e+00, 5.20530401e+00
 5.98826603e+00, 5.89704793e+00
 6.25518397e+00, 6.85601979e+00
 6.76154986e+00, 6.22643164e+00
 5.44800386e+00, 5.88858422e+00
 6.81458316e+00, 6.76124195e+00
 5.04837376e+00, 5.89114222e+00
 5.77143004e+00, 5.95278058e+00
 5.07498631e+00, 5.41185019e+00
 5.04151413e+00, 6.24434392e+00
 6.88430873e+00, 6.36948719e+00
 6.54528946e+00, 5.11760882e+00
 6.13771332e+00, 6.50685808e+00
 6.43325687e+00, 6.11620017e+00
 5.46511665e+00, 5.46748036e+00
 6.74510765e+00, 6.12887009e+00
 6.06715312e+00, 5.81693517e+00
 5.32952157e+00, 5.99016745e+00
 6.47838289e+00, 5.84912259e+00
 5.35577225e+00, 5.61140915e+00
 5.28577476e+00, 6.20975139e+00
 6.57132052e+00, 6.48171285e+00
 6.50569738e+00, 5.67048945e+00
 5.41021970e+00, 5.70834661e+00
 5.72192430e+00, 5.15195872e+00
 6.76710855e+00, 6.21862897e+00
 5.77276696e+00, 5.03420036e+00
 6.27548442e+00, 5.97772576e+00
 5.37471053e+00, 6.82230896e+00
 5.41366767e+00, 6.01740619e+00
 5.09629577e+00, 6.68504433e+00
 6.26065829e+00, 5.25148119e+00
 5.25715064e+00, 5.09941869e+00
 5.01417928e+00, 5.17628177e+00
 5.47783989e+00, 5.09712471e+00
 5.21075898e+00, 6.13259321e+00
 5.63644355e+00, 6.12144001e+00
 5.18291177e+00, 6.62758997e+00
 5.90843043e+00, 5.92361012e+00
 6.48631823e+00, 6.39726585e+00
 6.00243937e+00, 5.69119447e+00
 6.18044678e+00, 6.59222544e+00
 6.29462383e+00, 5.32674949e+00
 5.24430039e+00, 6.03211453e+00
 5.78196330e+00, 5.24520833e+00
 5.14416784e+00, 5.32879832e+00
 6.42117762e+00, 6.99410521e+00
 5.99839568e+00, 5.64617350e+00
 6.94782591e+00, 5.59107938e+00
 6.65020844e+00, 5.22460263e+00
 5.14855204e+00, 5.19326525e+00
 5.94691317e+00, 6.55222523e+00
 5.33823306e+00, 5.19152474e+00
 6.47226470e+00, 6.37223322e+00
 6.01425743e+00, 6.89123459e+00
 6.79276012e+00, 6.38274649e+00
 6.13024958e+00, 6.04831509e+00
 6.32117299e+00, 5.03717396e+00
 6.93396058e+00, 6.34344349e+00
 6.27231705e+00, 5.76895657e+00
 6.92336015e+00, 6.79882324e+00
 6.61639250e+00, 5.86328677e+00
 5.39379492e+00, 6.52200713e+00
 6.37306380e+00, 6.85016220e+00
 6.45519162e+00, 6.36012290e+00
 6.44518346e+00, 5.46968807e+00
 6.88669411e+00, 5.63034133e+00
 6.77729079e+00, 6.95251073e+00
 6.42385408e+00, 6.04567519e+00
 6.34298868e+00, 5.38391738e+00
 5.20040564e+00, 5.00621892e+00
 5.76874990e+00, 5.57332595e+00
 6.98214666e+00, 6.83848816e+00
 6.27174202e+00, 6.51691334e+00
 5.40055843e+00, 6.77151311e+00
 6.30865749e+00, 5.41869772e+00
 6.78363944e+00, 6.75354269e+00
 6.44946350e+00, 6.46108674e+00
 5.87606891e+00, 5.86961368e+00
 5.88767313e+00, 5.78405348e+00
 6.68943929e+00, 5.55585872e+00
 5.42657053e+00, 6.96323544e+00
 5.23329435e+00, 6.16256505e+00
 5.08605284e+00, 5.02904626e+00
 6.25776747e+00, 6.61979535e+00
 5.61889419e+00, 5.36380477e+00
 5.76628582e+00, 6.65183276e+00
 5.91657111e+00, 5.16729914e+00
 6.25300554e+00, 5.50681322e+00
 6.46231313e+00, 5.22200415e+00
 6.94355287e+00, 6.78963845e+00
 6.45932022e+00, 6.98463136e+00
 5.21309583e+00, 5.14877362e+00
 6.14408933e+00, 6.27633546e+00
 6.90949701e+00, 5.71616197e+00
 5.27713503e+00, 5.64504214e+00
 5.11407256e+00, 5.65286535e+00
 6.64077808e+00, 6.72948701e+00
 6.56786296e+00, 5.00085636e+00
 5.80705737e+00, 6.06450042e+00
 5.28312383e+00, 5.37811960e+00
 5.25033220e+00, 5.62749234e+00
 6.47684932e+00, 5.92824966e+00
 6.71953234e+00, 5.48737396e+00
 6.86525919e+00, 6.43423024e+00
 5.53871264e+00, 6.71948188e+00
 5.86461485e+00, 6.63354692e+00
 5.61517351e+00, 5.02568707e+00
 6.72583904e+00, 5.27376614e+00
 6.89722319e+00, 6.35322794e+00
 6.39686875e+00, 6.26357539e+00
 6.70189512e+00, 6.66245235e+00
 6.55370235e+00, 6.26997989e+00
 6.02659935e+00, 6.76764312e+00
 6.57696021e+00, 6.88990982e+00
 5.22869729e+00, 5.55000688e+00
 5.07174061e+00, 5.44690454e+00
 6.67955370e+00, 5.77753788e+00
 5.15117572e+00, 5.78330425e+00
 5.76328092e+00, 5.65984117e+00
 6.66819920e+00, 6.17686561e+00
 5.90777973e+00, 5.05441963e+00
 5.37636119e+00, 5.10320039e+00
 6.17158616e+00, 5.68862042e+00
 5.95543397e+00, 6.49189020e+00
 6.85894404e+00, 5.82516913e+00
 5.98166074e+00, 6.93264860e+00
 5.81918869e+00, 5.65752125e+00
 5.39622939e+00, 5.21206602e+00
 5.50760483e+00, 5.75506790e+00
 6.83345382e+00, 5.13490378e+00
 6.61567166e+00, 6.62821949e+00
 6.02593051e+00, 6.14323619e+00
 6.32710771e+00, 6.10307781e+00
 5.02519402e+00, 5.55944751e+00
 5.50459141e+00, 6.02566491e+00
 6.33548802e+00, 6.22880289e+00
 5.69860295e+00, 6.00526428e+00
 6.26389759e+00, 6.84955673e+00
 5.62483673e+00, 6.70976764e+00
 6.07229164e+00, 6.25271992e+00
 5.28911675e+00, 5.88056376e+00
 6.75280088e+00, 6.04274241e+00
 5.82408216e+00, 6.56064551e+00
 6.36039874e+00, 6.01863553e+00
 6.24157822e+00, 5.11282296e+00
 6.84363389e+00, 6.53345773e+00
 6.60843774e+00, 5.77026392e+00
 6.21207811e+00, 6.86882178e+00
 5.34464474e+00, 5.91572458e+00
 6.12691940e+00, 5.33057709e+00
 5.00897639e+00, 6.49449543e+00
 5.65636772e+00, 5.13875371e+00
 6.47104596e+00, 6.08914879e+00
 6.36974199e+00, 6.47190784e+00
 6.19005191e+00, 5.56292847e+00
 6.18533877e+00, 5.31934661e+00
 5.93515711e+00, 5.73746684e+00
 6.35362104e+00, 6.53985898e+00
 5.03875960e+00, 6.42679247e+00
 5.62074688e+00, 5.67228383e+00
 6.51983705e+00, 6.72652924e+00
 6.07689927e+00, 5.37540773e+00
 6.61167780e+00, 6.46921801e+00
 6.04455668e+00, 6.73366682e+00
 6.61844867e+00, 6.65796991e+00
 6.34081277e+00, 5.96298625e+00
 5.89555078e+00, 5.97274230e+00
 6.35687540e+00, 5.46576649e+00
 5.38844513e+00, 5.48196272e+00
 5.84018185e+00, 6.30042177e+00
 6.98524369e+00, 6.08593976e+00
 5.32254962e+00, 5.41771005e+00
 5.12737707e+00, 5.92124180e+00
 6.63505536e+00, 6.38918857e+00
 5.67856084e+00, 6.00623579e+00
 5.11091529e+00, 5.66947397e+00
 6.63129724e+00, 6.53444799e+00
 5.20369730e+00, 6.78662835e+00
 5.13912124e+00, 5.17550702e+00
 5.07378892e+00, 6.37910901e+00
 5.17757507e+00, 6.73165452e+00
 6.92868131e+00, 6.92038778e+00
 5.21839890e+00, 5.09447884e+00
 5.52860503e+00, 6.33017235e+00
 6.99863613e+00, 6.94812320e+00
 5.51832064e+00, 6.12407489e+00
 6.39526066e+00, 6.21184215e+00
 6.07120327e+00, 6.53017530e+00
 6.04072499e+00, 5.55723248e+00
 5.45253788e+00, 6.65240696e+00
 5.06651352e+00, 6.34431138e+00
 5.54413414e+00, 6.30714996e+00
 6.85747831e+00, 6.39490732e+00
 5.60224583e+00, 6.96692685e+00
 6.05902101e+00, 5.22080855e+00
 5.62317148e+00, 6.18590805e+00
 5.81351479e+00, 6.94264049e+00
 5.42985944e+00, 5.01173652e+00
 5.29340603e+00, 5.23883840e+00
 5.12860377e+00, 5.26081465e+00
 6.77892105e+00, 6.47443273e+00
 5.23545225e+00, 5.58248405e+00
 6.57496602e+00, 6.30471983e+00
 6.59638335e+00, 6.28639355e+00
 5.90536012e+00, 6.88376219e+00
 5.68004835e+00, 5.94787608e+00
 5.37980750e+00, 5.63498287e+00
 5.49034404e+00, 5.48878284e+00
 6.73761865e+00, 5.10859841e+00
 5.65524743e+00, 5.91778052e+00
 6.22436457e+00, 6.90846422e+00
 5.10007147e+00, 5.64838365e+00
 5.57173590e+00, 6.54810650e+00
 6.31377128e+00, 6.12231076e+00
 6.84809096e+00, 6.52908242e+00
 5.67531664e+00, 5.25776164e+00
 5.65373779e+00, 5.60979453e+00
 5.65950099e+00, 6.75449052e+00
 5.68636789e+00, 6.67013318e+00
 5.49299743e+00, 5.70645915e+00
 6.30218178e+00, 6.40207227e+00
 6.09730630e+00, 5.95655770e+00
 6.18700538e+00, 6.95598571e+00
 5.70044152e+00, 6.32625375e+00
 5.47396421e+00, 6.90746150e+00
 6.53425798e+00, 5.38161180e+00
 5.15227676e+00, 5.53381364e+00
 6.31907234e+00, 5.48294251e+00
 5.68502067e+00, 5.75293399e+00
 6.95892172e+00, 5.39158341e+00
 5.87305013e+00, 5.99817085e+00
 5.53149560e+00, 5.04699674e+00
 5.72364714e+00, 5.71810713e+00
 6.34618451e+00, 6.87569443e+00
 6.08966832e+00, 6.66439777e+00
 6.73891004e+00, 6.63056758e+00
 6.60704395e+00, 5.90917242e+00
 6.38300260e+00, 5.94033927e+00
 6.95592517e+00, 6.42141672e+00
 5.04748469e+00, 6.72544537e+00
 5.17378014e+00, 6.98089759e+00
 5.96894858e+00, 5.96791349e+00
 6.86894523e+00, 5.64057768e+00
 6.69459978e+00, 6.31629113e+00
 5.79898362e+00, 6.39873646e+00
 5.25238850e+00, 5.45652267e+00
 6.16282134e+00, 5.27912585e+00
 6.50124644e+00, 5.44382678e+00
 5.05184744e+00, 5.89817827e+00
 6.04638996e+00, 5.06185020e+00
 5.37001223e+00, 5.69816013e+00
 5.49802239e+00, 5.68745285e+00
 5.59310795e+00, 6.04787439e+00
 6.49937768e+00, 5.42915814e+00
 5.83729808e+00, 5.06935860e+00
 5.24824622e+00, 5.64282722e+00
 5.93806648e+00, 6.41492232e+00
 6.57355872e+00, 6.25944963e+00
 6.57878433e+00, 6.81087408e+00
 5.13596923e+00, 5.81997388e+00
 5.12358365e+00, 5.66385404e+00
 6.83515274e+00, 5.25327728e+00
 5.40265685e+00, 6.93739289e+00
 5.38121856e+00, 6.14161887e+00
 5.80559025e+00, 6.98332207e+00
 6.69655707e+00, 6.16693766e+00
 5.31298559e+00, 5.72061954e+00
 5.98436458e+00, 6.32185646e+00
 6.84634600e+00, 5.84408475e+00
 5.02828472e+00, 5.49481391e+00
 6.12544779e+00, 6.60674403e+00
 6.52571938e+00, 6.29403306e+00
 5.54697294e+00, 5.85998879e+00
 5.76550926e+00, 6.51156216e+00
 6.17713763e+00, 5.54890016e+00
 6.06562587e+00, 5.52103488e+00
 5.73819137e+00, 6.15494126e+00
 6.02177285e+00, 5.94410092e+00
 5.43471549e+00, 6.05154390e+00
 6.55920792e+00, 5.23682134e+00
 5.89104769e+00, 5.14537940e+00
 5.64422152e+00, 5.93451354e+00
 5.08405449e+00, 6.29869261e+00
 6.74134586e+00, 6.93523451e+00
 6.84473336e+00, 6.55462104e+00
 6.40494498e+00, 5.73525246e+00
 5.41818593e+00, 6.67981390e+00
 6.94485264e+00, 5.04876774e+00
 6.65992039e+00, 6.39059110e+00
 6.83792154e+00, 6.73499429e+00
 5.09214064e+00, 6.81301997e+00
 6.39178158e+00, 6.52563560e+00
 5.34336001e+00, 5.83194295e+00
 5.38522679e+00, 5.16425031e+00
 6.84116232e+00, 5.00522515e+00
 5.91125913e+00, 5.59329705e+00
 6.28390448e+00, 6.92698784e+00
 6.97896406e+00, 6.31021423e+00
 6.66462101e+00, 6.41121217e+00
 5.97426548e+00, 5.84341554e+00
 6.30094882e+00, 6.97647947e+00
 5.99036957e+00, 6.07045071e+00
 6.39989695e+00, 6.66971054e+00
 5.82621225e+00, 5.57943669e+00
 6.99568320e+00, 5.40444245e+00
 6.21038100e+00, 5.29023073e+00
 5.95826367e+00, 5.83636948e+00
 5.32068284e+00, 5.04267278e+00
 6.24445663e+00, 6.48827502e+00
 5.36642692e+00, 5.36522931e+00
 5.14683777e+00, 6.33747207e+00
 6.59886988e+00, 6.17964673e+00
 5.05873205e+00, 6.37103316e+00
 5.31912249e+00, 5.70141083e+00
 5.04255775e+00, 6.97366085e+00
 5.93036995e+00, 5.80430232e+00
 5.01982619e+00, 5.61562843e+00
 5.29543058e+00, 6.05643822e+00
 5.25898608e+00, 6.69724278e+00
 5.59802722e+00, 6.54712610e+00
 5.38366198e+00, 5.29288583e+00
 5.92087829e+00, 5.34160505e+00
 5.29065232e+00, 5.74229208e+00
 6.88243783e+00, 5.29702786e+00
 6.89196815e+00, 6.43717600e+00
 5.54397082e+00, 5.87891768e+00
 5.16958913e+00, 6.80838469e+00
 6.81683216e+00, 6.33587453e+00
 5.70281691e+00, 6.00914138e+00
 6.30476719e+00, 5.74402312e+00
 5.42312091e+00, 6.86133243e+00
 6.19466168e+00, 6.33203908e+00
 6.34914951e+00, 5.22713624e+00
 6.26666636e+00, 6.21274603e+00
 5.70591040e+00, 5.02604544e+00
 6.53961635e+00, 6.72079043e+00
 5.86047751e+00, 6.66199092e+00
 5.30179673e+00, 6.92915516e+00
 6.74902734e+00, 6.98736834e+00
 5.45460236e+00, 5.68556917e+00
 5.55692848e+00, 6.25622031e+00
 6.20082613e+00, 5.74038090e+00
 5.70739581e+00, 5.76010286e+00
 6.86232374e+00, 5.77210136e+00
 5.22319549e+00, 6.80225358e+00
 6.93172700e+00, 5.49034031e+00
 5.78959689e+00, 5.05364441e+00
 5.85815914e+00, 5.47219118e+00
 5.79724561e+00, 5.30016976e+00
 5.36012203e+00, 6.89820922e+00
 6.54707809e+00, 6.91443527e+00
 5.78586712e+00, 5.51644176e+00
 6.91226614e+00, 5.41429451e+00
 5.64044217e+00, 5.62316931e+00
 6.48317990e+00, 5.66067075e+00
 5.08804640e+00, 5.26701397e+00
 5.28737873e+00, 6.24610466e+00
 6.56491826e+00, 5.27475981e+00
 6.34542696e+00, 5.25880864e+00
 6.23240530e+00, 5.98041492e+00
 6.99082912e+00, 6.34959854e+00
 6.27834084e+00, 6.97079973e+00
 6.00400039e+00, 6.06958119e+00
 6.96303809e+00, 5.35982921e+00
 6.41294957e+00, 6.93875309e+00
 5.44553302e+00, 6.05844841e+00
 6.11165095e+00, 5.58960227e+00
 6.28072139e+00, 5.12681045e+00
 5.88038452e+00, 5.53058005e+00
 6.99314354e+00, 6.32494037e+00
 6.36432382e+00, 6.58658356e+00
 5.58550013e+00, 5.63913320e+00
 6.35031010e+00, 5.45801824e+00
 6.85265220e+00, 5.90602554e+00
 6.59582519e+00, 5.59560510e+00
 5.47874600e+00, 6.99949600e+00
 5.11214134e+00, 6.36220707e+00
 5.83068239e+00, 5.79035886e+00
 6.62807186e+00, 5.85016603e+00
 5.02740512e+00, 6.11886081e+00
 6.62730031e+00, 6.25498061e+00
 5.30566665e+00, 6.79022921e+00
 6.52097299e+00, 5.87087445e+00
 5.18550755e+00, 6.03612035e+00
 5.10610060e+00, 6.77356281e+00
 6.50370255e+00, 6.41306168e+00
 5.76014387e+00, 5.10022375e+00
 6.38009126e+00, 6.90514248e+00
 5.18167157e+00, 6.17007506e+00
 6.37834804e+00, 6.35570880e+00
 5.87462084e+00, 5.58621713e+00
 6.08627865e+00, 5.98625119e+00
 5.15482624e+00, 5.12123696e+00
 5.22032512e+00, 5.69575344e+00
 6.22637499e+00, 6.52176995e+00
 6.15255366e+00, 6.86591085e+00
 5.60904825e+00, 5.23002678e+00
 6.70881514e+00, 6.88130018e+00
 5.39828700e+00, 5.42145021e+00
 6.71673886e+00, 5.52953454e+00
 5.26932168e+00, 6.02267247e+00
 5.92673645e+00, 5.82696956e+00
 5.95776653e+00, 5.02204127e+00
 6.96678772e+00, 6.82611419e+00
 5.88567366e+00, 6.64559420e+00
 5.05797065e+00, 6.60941074e+00
 5.00314639e+00, 6.09741547e+00
 5.75234882e+00, 6.03021732e+00
 6.92629303e+00, 6.45849312e+00
 5.52545429e+00, 6.42507391e+00
 6.05331861e+00, 5.31048637e+00
 5.95088734e+00, 6.87376107e+00
 5.19444546e+00, 6.83368124e+00
 5.14012109e+00, 5.20725481e+00
 6.08428201e+00, 5.07102961e+00
 5.90028725e+00, 6.50149763e+00
 5.61316264e+00, 5.82964454e+00
 6.97294637e+00, 6.84780574e+00
 6.14728131e+00, 5.24926814e+00
 5.56441258e+00, 6.42389394e+00
 5.33496624e+00, 5.36126877e+00
 5.30692404e+00, 5.96920553e+00
 6.72610073e+00, 6.20445902e+00
 6.38970983e+00, 6.58360952e+00
 5.89889244e+00, 5.61929216e+00
 5.87803174e+00, 6.76305312e+00
 6.03449341e+00, 5.69310064e+00
 5.71157435e+00, 5.99551025e+00
 5.63555090e+00, 6.10194222e+00
 5.51404163e+00, 6.23093876e+00
 5.02103806e+00, 6.46299395e+00
 6.18817453e+00, 6.27368572e+00
 5.17915881e+00, 6.36433394e+00
 5.73181479e+00, 5.25414239e+00
 5.82362979e+00, 5.54241985e+00
 6.20860632e+00, 5.09330618e+00
 5.00467456e+00, 5.33784231e+00
 6.12906244e+00, 5.35413330e+00
 6.51448582e+00, 6.23340515e+00
 5.69473778e+00, 5.48457534e+00
 5.85362622e+00, 6.40909997e+00
 5.45755523e+00, 5.40277358e+00
 5.88386406e+00, 6.63816021e+00
 5.42145068e+00, 6.28002117e+00
 6.63238200e+00, 6.71062760e+00
 6.50781370e+00, 5.27147682e+00
 5.52303930e+00, 5.49266786e+00
 6.40806923e+00, 5.39849569e+00
 5.21539766e+00, 6.50551679e+00
 5.74054101e+00, 6.22216085e+00
 6.11391313e+00, 5.68137610e+00
 5.20627260e+00, 5.12540777e+00
 6.87547972e+00, 5.66793950e+00
 5.56774218e+00, 6.91063596e+00
 6.75192637e+00, 5.18292920e+00
 6.39258863e+00, 5.34238680e+00
 6.75906763e+00, 5.17839574e+00
 5.45909505e+00, 6.89286418e+00
 6.85043068e+00, 6.82425302e+00
 5.89637425e+00, 6.86283870e+00
 5.09993758e+00, 6.26403173e+00
 6.23987141e+00, 6.16888196e+00
 5.00082374e+00, 6.64112996e+00
 5.44116528e+00, 5.45343552e+00
 5.68830868e+00, 6.45173625e+00
 6.46848369e+00, 5.80233894e+00
 6.29755980e+00, 6.61678200e+00
 5.22609776e+00, 5.75052509e+00
 5.74594356e+00, 5.72389603e+00
 5.64741383e+00, 5.86507475e+00
 6.73096863e+00, 6.59113494e+00
