 7.65496552e+00, 3.30064982e+00, 4.42076479e+00, 4.20651983e+00, 5.21774183e-01
 6.78701678e+00, 3.54930281e+00, 5.59945183e+00, 3.61928524e+00, 8.59981510e-01
 5.44688714e+00, 4.03399883e+00, 6.51482083e+00, 3.25090555e+00, 5.29284341e-01
 5.68471475e+00, 4.54342677e+00, 4.57650189e+00, 2.37683303e+00, 6.98893963e-01
 6.57717050e+00, 2.00943008e+00, 5.92762251e+00, 2.53774315e+00, 3.67552802e-01
 6.91729880e+00, 2.54358471e+00, 6.40101185e+00, 2.08459891e+00, 2.26153277e-01
 7.06644682e+00, 4.77501733e+00, 5.88499411e+00, 2.87632949e+00, 4.00380356e-01
 5.53443109e+00, 3.47161504e+00, 3.47458306e+00, 4.92196338e+00, 6.06545501e-01
 6.26973395e+00, 3.45646465e+00, 5.35374282e+00, 3.24443955e+00, 6.00092601e-01
 6.80653302e+00, 3.83665465e+00, 3.82620485e+00, 3.46971809e+00, 3.62539771e-01
 7.93111439e+00, 2.77891064e+00, 6.58388157e+00, 2.31439785e+00, 5.46246929e-01
 6.93071982e+00, 4.50709423e+00, 3.16829066e+00, 4.31570939e+00, 8.91334802e-01
 7.47540274e+00, 4.26357170e+00, 6.48895361e+00, 4.14126454e+00, 7.84001712e-01
 6.66682025e+00, 3.24401949e+00, 6.70599452e+00, 4.14246161e+00, 4.22010226e-01
 7.08640938e+00, 3.85038287e+00, 5.22591935e+00, 3.19156153e+00, 7.05927790e-01
 5.13114987e+00, 3.55856478e+00, 5.33291542e+00, 3.03212525e+00, 7.88520668e-01
 6.69835252e+00, 2.74453805e+00, 6.86915974e+00, 2.60046991e+00, 7.16328974e-01
 7.84702174e+00, 2.00201777e+00, 6.64790205e+00, 4.13590516e+00, 8.43313610e-01
 5.23070205e+00, 2.06916947e+00, 3.76838629e+00, 2.47160931e+00, 3.76526653e-01
 6.45545534e+00, 3.13227286e+00, 4.76606447e+00, 4.14843101e+00, 5.36866950e-01
 5.87542638e+00, 2.05211407e+00, 4.65455672e+00, 3.42444344e+00, 2.50647509e-01
 7.53343184e+00, 3.47770778e+00, 3.84852274e+00, 2.04507467e+00, 1.81552275e-01
 5.60370931e+00, 2.74100965e+00, 4.93398121e+00, 3.77600210e+00, 6.49229646e-01
 7.09193737e+00, 4.60621474e+00, 6.75174398e+00, 3.76791670e+00, 8.25912331e-01
 7.78022659e+00, 2.77695107e+00, 3.74845903e+00, 4.89914142e+00, 1.67734863e-01
 5.79780033e+00, 3.26492559e+00, 3.17745910e+00, 3.32947123e+00, 4.54296285e-01
 7.91121930e+00, 4.81796707e+00, 5.29857116e+00, 2.82743095e+00, 5.82981415e-01
 5.33461760e+00, 4.72594792e+00, 4.84622680e+00, 3.37267771e+00, 5.99193708e-01
 7.55704045e+00, 4.91535214e+00, 5.95306164e+00, 3.56903414e+00, 7.90969453e-01
 6.68925366e+00, 4.42085406e+00, 5.75193300e+00, 3.59290220e+00, 7.86929054e-01
 5.76692456e+00, 4.99754576e+00, 4.01283678e+00, 4.32010658e+00, 5.41537609e-01
 5.63402816e+00, 2.04388342e+00, 5.97443492e+00, 4.84019743e+00, 2.73932335e-01
 6.24844468e+00, 3.24906999e+00, 4.68615852e+00, 2.94789844e+00, 5.07025783e-02
 6.44164681e+00, 4.55610040e+00, 4.68093349e+00, 3.31417366e+00, 2.83943913e-01
 6.26249444e+00, 2.25776936e+00, 6.18079524e+00, 4.78247317e+00, 8.42186456e-01
 7.57352406e+00, 3.27029785e+00, 6.67517424e+00, 4.34832840e+00, 4.67749385e-01
 5.12118230e+00, 3.60520504e+00, 3.31539753e+00, 4.63961419e+00, 6.03482461e-01
 6.10810172e+00, 4.55246866e+00, 4.78313434e+00, 2.81689782e+00, 8.12497684e-01
 6.36102879e+00, 4.66081928e+00, 5.37430679e+00, 2.50899837e+00, 9.27838892e-01
 5.51550739e+00, 4.60132861e+00, 6.57121025e+00, 4.78829152e+00, 5.53281947e-01
 5.55086435e+00, 2.07820848e+00, 4.00983186e+00, 4.43652419e+00, 7.98885280e-01
 7.45592539e+00, 4.06317424e+00, 6.99228519e+00, 4.79660051e+00, 8.31778515e-01
 6.84368519e+00, 4.14820619e+00, 3.18822375e+00, 3.57254680e+00, 1.72758747e-01
 6.35279782e+00, 4.29663646e+00, 3.54518340e+00, 3.81266935e+00, 4.46482534e-01
 7.04959799e+00, 2.83882941e+00, 5.26745633e+00, 4.52093071e+00, 9.35080778e-01
 6.59316019e+00, 2.37622893e+00, 3.56593668e+00, 3.60887323e+00, 4.14995601e-01
 6.14478782e+00, 4.45432413e+00, 6.93060538e+00, 3.66399253e+00, 3.14727159e-01
 5.07012734e+00, 2.99407774e+00, 6.48012673e+00, 3.56786161e+00, 4.94638048e-01
 6.44532860e+00, 2.96467197e+00, 3.06265697e+00, 4.90667060e+00, 3.76727409e-01
 6.02766719e+00, 3.93271619e+00, 6.15397068e+00, 2.75437619e+00, 8.63053677e-01
 5.60997311e+00, 4.22136005e+00, 5.16893568e+00, 4.81141544e+00, 2.34179538e-01
 5.27178284e+00, 4.96961431e+00, 4.27600460e+00, 3.67647663e+00, 5.64940555e-01
 7.03497890e+00, 2.44730885e+00, 3.99044027e+00, 3.50434296e+00, 9.25021085e-01
 6.41257916e+00, 3.37349496e+00, 5.83775403e+00, 3.69079893e+00, 8.73485222e-01
 6.12188989e+00, 2.65771378e+00, 5.88306536e+00, 4.57649094e+00, 9.39420322e-01
 6.60495076e+00, 3.09837900e+00, 4.35956792e+00, 4.64537714e+00, 7.31886117e-01
 5.03714238e+00, 3.05387377e+00, 4.41854736e+00, 2.30954342e+00, 1.00078533e-01
 5.98648541e+00, 4.94154088e+00, 6.87852178e+00, 3.80922679e+00, 1.91094285e-01
 5.47838502e+00, 2.16740033e+00, 6.69075071e+00, 4.52908845e+00, 2.95252549e-01
 6.33852424e+00, 4.83282604e+00, 4.34509039e+00, 4.49852862e+00, 1.39724272e-01
 6.46573730e+00, 3.88432957e+00, 3.27377282e+00, 4.97138886e+00, 6.96236107e-01
 7.54573525e+00, 4.37100064e+00, 6.13209756e+00, 2.72477513e+00, 2.48583921e-01
 6.95400041e+00, 3.81021762e+00, 4.80848169e+00, 3.03801159e+00, 1.03051628e-01
 6.43632832e+00, 2.39553086e+00, 3.50399037e+00, 3.79197979e+00, 4.37514248e-01
 6.95998644e+00, 3.57769939e+00, 4.75331898e+00, 2.28241246e+00, 1.22516533e-01
 5.25340729e+00, 2.53480131e+00, 5.76356614e+00, 3.16699727e+00, 1.74100523e-01
 5.16538393e+00, 2.18465845e+00, 4.79192895e+00, 4.41922066e+00, 1.45354528e-01
 6.56027290e+00, 2.50200558e+00, 6.33686880e+00, 3.91278601e+00, 2.19910174e-01
 5.36146016e+00, 4.73624795e+00, 3.88468542e+00, 2.84202730e+00, 6.78698057e-01
 5.70335189e+00, 2.13832408e+00, 3.47924518e+00, 2.78648946e+00, 2.16232469e-01
 7.31346822e+00, 2.32864864e+00, 4.80038769e+00, 4.23855967e+00, 5.84093835e-01
 6.15889561e+00, 2.53217413e+00, 3.75583880e+00, 4.32248244e+00, 7.54922802e-01
 6.27966041e+00, 2.66362438e+00, 5.93390759e+00, 2.10918021e+00, 8.20542991e-01
 7.89256729e+00, 2.23483084e+00, 6.40487049e+00, 4.96281564e+00, 8.56573505e-01
 5.91701824e+00, 2.67475866e+00, 5.39007916e+00, 3.59718200e+00, 6.63329990e-01
 7.51777581e+00, 2.14252505e+00, 4.06693693e+00, 4.15170626e+00, 6.65116081e-01
 6.07448219e+00, 2.37901594e+00, 5.50478807e+00, 3.28498800e+00, 7.41398816e-01
 7.52375908e+00, 2.84509020e+00, 6.12017337e+00, 2.80908291e+00, 4.18585135e-01
 7.16252387e+00, 3.55247083e+00, 5.60558251e+00, 3.27507547e+00, 5.85839724e-01
 5.24544941e+00, 3.09764072e+00, 4.46791469e+00, 3.48973079e+00, 9.05609946e-01
 6.97398320e+00, 4.70272005e+00, 4.90443644e+00, 4.73530600e+00, 4.99786383e-01
 6.90067912e+00, 2.95286527e+00, 4.45402184e+00, 2.26575916e+00, 3.26492563e-01
 6.28843771e+00, 3.15764585e+00, 4.81445490e+00, 4.17209635e+00, 6.46565658e-01
 6.02961580e+00, 3.93918733e+00, 4.44547814e+00, 3.09768843e+00, 7.07407551e-01
 5.59729142e+00, 4.08857419e+00, 3.77850159e+00, 2.51827701e+00, 5.26478431e-01
 6.21936783e+00, 4.87612645e+00, 5.08851876e+00, 4.24433088e+00, 5.94431839e-02
 7.72391712e+00, 4.90691752e+00, 4.25576199e+00, 4.07278702e+00, 4.83795306e-01
 7.68798195e+00, 2.42482332e+00, 3.97551338e+00, 3.41847586e+00, 4.69194488e-01
 5.31350486e+00, 2.46112917e+00, 6.06966646e+00, 4.55143216e+00, 7.21833660e-01
 6.09552677e+00, 2.78297541e+00, 5.36342480e+00, 3.52506569e+00, 5.14203077e-01
 6.64803562e+00, 3.86780893e+00, 5.71845013e+00, 3.95124787e+00, 5.58951221e-01
 5.81266949e+00, 3.71261345e+00, 4.86147349e+00, 4.46479192e+00, 7.99964421e-01
 7.24931972e+00, 4.06835470e+00, 3.87672810e+00, 4.75976648e+00, 5.94973949e-01
 7.86979839e+00, 3.41730698e+00, 3.11848362e+00, 4.10073433e+00, 3.37266555e-01
 7.41710148e+00, 4.28173763e+00, 5.45995253e+00, 4.22826783e+00, 7.56749573e-01
 5.48147868e+00, 3.86559495e+00, 5.96917927e+00, 3.55674115e+00, 4.93071000e-01
 7.42854722e+00, 3.36840437e+00, 5.10419198e+00, 2.70672068e+00, 6.70228461e-01
 7.92789205e+00, 3.25190049e+00, 6.42946154e+00, 4.88108227e+00, 2.89252276e-01
 6.71539496e+00, 2.32221084e+00, 6.31638004e+00, 3.16769274e+00, 6.04757725e-01
 5.17574953e+00, 4.19221956e+00, 3.73733002e+00, 3.00641006e+00, 6.99086153e-01
 5.10653207e+00, 3.63080416e+00, 6.45914816e+00, 4.20327636e+00, 7.48513181e-01
 6.69246585e+00, 3.33899061e+00, 4.38178511e+00, 2.06784153e+00, 5.04843873e-01
 6.80330237e+00, 3.45880160e+00, 3.16081921e+00, 4.79261584e+00, 7.09367058e-02
 5.28640229e+00, 3.23535416e+00, 6.99072430e+00, 2.27546074e+00, 2.38740332e-01
 7.38625775e+00, 2.54207077e+00, 3.18040614e+00, 2.51185227e+00, 7.26285424e-01
 6.22222236e+00, 2.48770917e+00, 6.32694512e+00, 4.24824387e+00, 2.24142730e-01
 7.52082145e+00, 4.80977367e+00, 3.48257375e+00, 4.15430177e+00, 4.19015931e-01
 6.97430826e+00, 4.00899057e+00, 3.84604434e+00, 2.96699533e+00, 3.87372703e-01
 5.26800792e+00, 3.73153095e+00, 3.00123133e+00, 2.38329410e+00, 3.00629726e-01
 7.20241690e+00, 2.17663876e+00, 6.07279853e+00, 2.20387988e+00, 5.39474622e-01
 6.52765907e+00, 2.19793091e+00, 3.71138399e+00, 4.71645308e+00, 2.69656229e-01
 6.66990451e+00, 4.32556063e+00, 5.86741697e+00, 3.48152330e+00, 4.36260797e-01
 7.62420446e+00, 2.43135946e+00, 4.15552814e+00, 2.39064916e+00, 8.60391485e-01
 5.67124382e+00, 2.29642199e+00, 5.11492083e+00, 2.07241340e+00, 6.77389443e-01
 5.83778022e+00, 2.32480847e+00, 3.97138871e+00, 3.67751573e+00, 2.30777827e-01
 5.46796534e+00, 4.34410566e+00, 5.72485672e+00, 3.02803926e+00, 2.55336059e-01
 6.81380389e+00, 4.86518541e+00, 4.87834398e+00, 4.05141354e+00, 9.28721752e-01
 7.23985522e+00, 4.80466434e+00, 6.73140452e+00, 3.67025787e+00, 1.28162109e-01
 6.14881431e+00, 2.47325836e+00, 4.69781956e+00, 2.43804223e+00, 3.94039381e-01
 7.43649693e+00, 3.26716138e+00, 3.94243363e+00, 2.76335746e+00, 3.17783572e-01
 5.19858729e+00, 4.04376054e+00, 4.29489713e+00, 4.06081895e+00, 2.39206670e-01
 5.10037440e+00, 2.95539382e+00, 3.89518283e+00, 3.67374811e+00, 3.35536206e-01
 6.55598050e+00, 2.21349855e+00, 4.44138994e+00, 2.33141792e+00, 7.98931571e-02
 6.30135745e+00, 2.80689353e+00, 4.78628214e+00, 3.41127320e+00, 4.27133137e-01
 7.61091766e+00, 4.59078821e+00, 6.42142667e+00, 4.02517864e+00, 2.69019608e-01
 5.26637265e+00, 4.08513231e+00, 5.90530348e+00, 4.40650608e+00, 8.40880296e-01
 7.54744622e+00, 4.50211348e+00, 4.35000525e+00, 3.32289280e+00, 8.74980958e-01
 6.92085838e+00, 3.62495598e+00, 5.03952748e+00, 3.46132922e+00, 1.10226994e-01
 5.49943531e+00, 2.15677777e+00, 3.40464515e+00, 4.86945590e+00, 8.71910180e-01
 7.87127619e+00, 4.80165223e+00, 5.60139686e+00, 3.30792411e+00, 8.65845406e-01
 7.20879910e+00, 2.08286560e+00, 4.29046993e+00, 2.42790189e+00, 6.83561715e-01
 6.06192984e+00, 4.43869157e+00, 5.82099251e+00, 3.71804863e+00, 2.22848702e-01
 6.88498131e+00, 4.98099258e+00, 5.13660539e+00, 3.51444015e+00, 5.76502260e-01
 6.83066486e+00, 2.81905810e+00, 4.79416290e+00, 3.34174812e+00, 6.10819126e-01
 6.87737222e+00, 2.30353437e+00, 5.47202523e+00, 2.73146544e+00, 9.27141911e-01
 5.07914229e+00, 4.48536538e+00, 4.07440848e+00, 2.21730700e+00, 4.59393600e-01
 7.01399577e+00, 4.70553294e+00, 4.63156495e+00, 3.18540442e+00, 7.09113427e-01
 6.93421997e+00, 3.21416010e+00, 3.96036412e+00, 2.27708398e+00, 7.63054871e-01
 6.78199520e+00, 4.00341139e+00, 6.34920095e+00, 4.27959037e+00, 1.14182473e-01
 7.97596101e+00, 2.29384886e+00, 3.06439016e+00, 3.64274003e+00, 4.87674894e-01
 5.41600467e+00, 3.49031238e+00, 5.94594381e+00, 2.23585271e+00, 4.55560942e-01
 6.56754638e+00, 3.74754677e+00, 6.63427251e+00, 2.40065805e+00, 8.52773382e-01
 7.18691712e+00, 4.66405210e+00, 3.29607547e+00, 2.91740783e+00, 6.85868132e-01
 7.83118479e+00, 4.68161343e+00, 3.56318689e+00, 2.45572957e+00, 8.64004575e-01
 6.20108955e+00, 2.89939074e+00, 3.02751934e+00, 3.92709629e+00, 1.31273554e-01
 7.94602170e+00, 4.96527773e+00, 6.41773968e+00, 3.40503045e+00, 4.61730910e-01
 6.69563653e+00, 3.72932873e+00, 3.63583302e+00, 3.40327962e+00, 4.48565756e-01
 6.94349126e+00, 3.53996336e+00, 3.55609328e+00, 4.74226378e+00, 6.97733169e-01
 6.10306024e+00, 3.81475591e+00, 4.67638665e+00, 2.52042860e+00, 7.85947387e-01
 6.05583593e+00, 4.44887600e+00, 3.10067631e+00, 2.57297030e+00, 3.92223668e-01
 7.73632032e+00, 4.33204538e+00, 5.38125232e+00, 4.41584064e+00, 3.81384920e-01
 5.57577680e+00, 2.27238001e+00, 5.43062627e+00, 2.54450958e+00, 2.04284514e-01
 5.78253527e+00, 4.99285144e+00, 3.80251793e+00, 2.17316687e+00, 7.28162342e-02
 6.82329315e+00, 2.20928104e+00, 5.80623671e+00, 3.36623938e+00, 8.22875360e-01
 5.97210369e+00, 2.54925856e+00, 3.21653378e+00, 2.10237520e+00, 8.39430461e-01
 6.81757894e+00, 4.13338575e+00, 4.13861771e+00, 3.84429041e+00, 5.48111615e-01
 5.35407864e+00, 4.27497279e+00, 5.56301211e+00, 3.88477734e+00, 5.16543481e-01
 7.71586619e+00, 2.86555179e+00, 5.33738151e+00, 3.30363767e+00, 4.44298761e-01
 6.89023783e+00, 4.12453916e+00, 4.82796045e+00, 4.60599911e+00, 2.68303648e-01
 5.51231971e+00, 3.54354805e+00, 5.66133126e+00, 2.80254635e+00, 8.15221563e-01
 5.71135643e+00, 4.30033279e+00, 3.03519326e+00, 3.38147077e+00, 6.62454909e-01
 6.61385693e+00, 3.29205688e+00, 4.49656304e+00, 2.36878618e+00, 5.96405966e-01
 7.22337487e+00, 2.94144605e+00, 3.44300718e+00, 3.98688207e+00, 1.58541007e-01
 6.67669255e+00, 4.14082021e+00, 3.81295728e+00, 3.59970150e+00, 3.88825126e-01
 7.02000066e+00, 2.67570467e+00, 5.40441827e+00, 4.77674938e+00, 8.87201150e-01
 6.96378574e+00, 2.04020926e+00, 5.87001556e+00, 4.68277900e+00, 9.90424920e-02
 6.54763887e+00, 4.56307383e+00, 5.61906980e+00, 4.99622398e+00, 6.72959046e-01
 7.28879504e+00, 4.01538181e+00, 3.53569875e+00, 3.18067530e+00, 6.87138957e-01
 7.65101605e+00, 3.89591064e+00, 3.90808717e+00, 2.33491246e+00, 6.79568901e-01
 6.23464845e+00, 2.63605564e+00, 4.83576951e+00, 4.85617016e+00, 4.02754850e-01
 5.17070150e+00, 4.43435147e+00, 3.41629384e+00, 4.85279170e+00, 6.41511326e-01
 5.55241356e+00, 2.20614860e+00, 4.80592861e+00, 2.39694694e+00, 5.11421638e-01
 7.49016950e+00, 2.10191299e+00, 3.47063517e+00, 2.02626676e+00, 2.01595300e-01
 7.12191383e+00, 2.58170686e+00, 4.47766212e+00, 4.47400275e+00, 4.16923665e-01
 7.88952813e+00, 2.03039695e+00, 5.23347588e+00, 2.22581524e+00, 2.41253760e-01
 7.66046597e+00, 3.98554829e+00, 3.49781639e+00, 4.39822266e+00, 9.14506636e-01
 6.18360828e+00, 3.06029364e+00, 3.89805915e+00, 2.48247108e+00, 3.22852788e-01
 5.46051546e+00, 2.92456662e+00, 6.05198357e+00, 4.44235023e+00, 4.25390556e-01
 7.49601877e+00, 3.54698580e+00, 6.27269155e+00, 4.08964561e+00, 8.37955137e-02
 5.25735678e+00, 4.32313651e+00, 5.01210302e+00, 2.95386780e+00, 1.27067243e-01
 5.58938632e+00, 2.41091662e+00, 6.97982313e+00, 4.95921306e+00, 6.66018273e-01
 7.24226095e+00, 3.69021074e+00, 5.77542025e+00, 4.36384848e+00, 6.37042762e-01
 7.36111419e+00, 2.24950615e+00, 4.03338331e+00, 3.71346454e+00, 8.16166842e-02
 7.12802277e+00, 3.91916520e+00, 6.75353470e+00, 3.10680228e+00, 2.41995622e-01
 5.96567059e+00, 3.58034680e+00, 3.67302367e+00, 4.22459255e+00, 4.58364572e-01
 7.39312139e+00, 3.66596484e+00, 3.40205812e+00, 3.74789237e+00, 5.20536250e-01
 6.49382527e+00, 3.59455273e+00, 3.70365946e+00, 3.54916994e+00, 1.48034121e-01
 6.01856593e+00, 4.61181641e+00, 5.04156808e+00, 2.54046513e+00, 2.59669168e-01
 5.79069152e+00, 2.02458927e+00, 3.55572735e+00, 2.37223471e+00, 5.34449371e-01
 7.61727953e+00, 3.96222334e+00, 6.20917586e+00, 3.47309198e+00, 4.81252621e-01
 6.47538390e+00, 2.61055646e+00, 3.77279600e+00, 2.96498028e+00, 6.16626054e-01
 5.72226617e+00, 4.69301181e+00, 6.39253543e+00, 3.04636776e+00, 6.44722264e-01
 7.14549811e+00, 4.25085177e+00, 3.98320746e+00, 4.76469847e+00, 5.80179433e-01
 7.50913953e+00, 3.01573491e+00, 3.84279708e+00, 3.75911991e+00, 1.55009156e-01
 6.83777494e+00, 3.56617406e+00, 6.29768749e+00, 4.62043602e+00, 8.31024731e-01
 6.19966998e+00, 4.37949278e+00, 6.91086740e+00, 2.37103938e+00, 7.38204321e-02
 7.96562688e+00, 4.41544836e+00, 3.80655807e+00, 4.99399707e+00, 8.70670895e-01
 5.18080355e+00, 2.04782210e+00, 6.62046122e+00, 4.36668432e+00, 2.74992098e-01
 6.73511317e+00, 2.73473633e+00, 3.59287427e+00, 4.53488785e+00, 7.90506875e-01
 7.31874309e+00, 2.96174917e+00, 5.86335214e+00, 4.16153504e+00, 1.70802503e-01
 6.00453331e+00, 4.75544084e+00, 6.32126058e+00, 2.41880516e+00, 8.92917747e-01
 5.57633055e+00, 3.60981422e+00, 3.74022402e+00, 2.26099728e+00, 5.60091362e-01
 7.92391345e+00, 4.07827361e+00, 3.45853325e+00, 3.96280955e+00, 5.69019724e-01
 6.37397765e+00, 2.64000661e+00, 6.88947845e+00, 3.87682639e+00, 1.15862952e-01
 6.20495021e+00, 3.46459818e+00, 6.62830857e+00, 4.40003745e+00, 1.83373905e-01
 5.63226590e+00, 4.07947682e+00, 5.24061361e+00, 3.08260526e+00, 6.46756394e-01
 5.72392240e+00, 2.22756687e+00, 3.24689189e+00, 4.25691999e+00, 5.76112713e-01
 5.67393800e+00, 2.90145816e+00, 4.16013139e+00, 2.22259143e+00, 3.72733322e-01
 5.22778588e+00, 4.23358903e+00, 6.94465551e+00, 4.92242137e+00, 9.15527739e-01
 7.76512955e+00, 2.19184706e+00, 3.12812194e+00, 4.52700074e+00, 4.82837164e-01
 7.51241692e+00, 2.82475946e+00, 3.36595939e+00, 4.95696800e+00, 7.97653382e-01
 5.48597005e+00, 3.28342141e+00, 6.16061195e+00, 4.81549272e+00, 7.44275981e-01
 5.39994747e+00, 3.58790500e+00, 3.92584821e+00, 3.81571806e+00, 9.03346938e-01
 7.79977873e+00, 2.38565218e+00, 4.18534752e+00, 2.44155586e+00, 8.57910076e-01
 5.78573107e+00, 4.85388126e+00, 3.45419389e+00, 3.82966390e+00, 6.59418072e-01
 6.85377014e+00, 3.50542071e+00, 4.19318044e+00, 3.94357705e+00, 6.93893240e-01
 6.39959270e+00, 2.09280520e+00, 6.60572918e+00, 4.56286001e+00, 1.53298585e-01
 5.90446125e+00, 2.55995067e+00, 6.54267098e+00, 4.56750922e+00, 7.47420840e-01
 7.23113660e+00, 4.91802311e+00, 4.08830055e+00, 2.11504917e+00, 3.11648492e-01
 7.84123481e+00, 4.08428910e+00, 4.85537131e+00, 4.86017945e+00, 7.57457608e-01
 5.56035728e+00, 4.97808830e+00, 3.23415428e+00, 2.00729683e+00, 5.73032329e-01
 7.59361218e+00, 4.54712932e+00, 3.03166650e+00, 4.72326105e+00, 5.62724971e-01
 5.59409327e+00, 3.29846118e+00, 4.13298842e+00, 4.61238436e+00, 3.78406630e-01
 5.50493930e+00, 4.50039537e+00, 5.12539640e+00, 4.74074309e+00, 4.96006626e-01
 7.57713609e+00, 2.31049039e+00, 3.71456040e+00, 3.44295463e+00, 2.42906505e-01
 6.44746829e+00, 3.97412569e+00, 3.11212407e+00, 2.43080593e+00, 6.21794101e-02
 7.18957597e+00, 3.15211496e+00, 6.19550444e+00, 3.10722378e+00, 6.43430601e-01
 6.50250124e+00, 2.58967053e+00, 3.69585261e+00, 3.42893095e+00, 3.29737787e-01
 6.74093092e+00, 3.51624604e+00, 3.10565781e+00, 4.64725313e+00, 3.36407927e-01
 5.00436162e+00, 2.57802461e+00, 5.30060055e+00, 4.79538035e+00, 7.49755174e-01
 6.79863481e+00, 4.82217094e+00, 4.45770015e+00, 2.25379933e+00, 1.05831301e-01
 7.29044327e+00, 2.22262554e+00, 3.07197957e+00, 4.50948186e+00, 4.35747059e-01
 6.70567211e+00, 3.23945459e+00, 6.96984094e+00, 3.20891053e+00, 1.24057113e-01
 5.20313256e+00, 4.95463007e+00, 5.77607674e+00, 4.13003851e+00, 1.44330225e-01
 5.94839095e+00, 4.22514466e+00, 6.06765351e+00, 3.21931345e+00, 1.32620880e-01
 7.16336641e+00, 4.11941249e+00, 3.48537022e+00, 3.54197897e+00, 4.71050393e-01
 5.11000533e+00, 3.57459955e+00, 3.35231208e+00, 3.93769084e+00, 9.38770377e-01
 6.18614440e+00, 4.02767847e+00, 5.47909915e+00, 4.30925823e+00, 3.95440006e-01
 5.45741652e+00, 4.63840870e+00, 3.93284764e+00, 4.29328364e+00, 7.60669928e-01
 6.15040902e+00, 4.78904937e+00, 6.43862944e+00, 4.60104196e+00, 8.02021029e-01
 5.37615397e+00, 4.64099300e+00, 3.67112981e+00, 2.52642963e+00, 4.51297190e-01
 7.24695557e+00, 2.76026722e+00, 3.79678386e+00, 4.65057395e+00, 9.05281196e-02
 5.71016601e+00, 4.00416684e+00, 3.83544814e+00, 2.48612993e+00, 4.30694679e-01
 6.66236023e+00, 3.14199120e+00, 4.04369017e+00, 2.06495897e+00, 8.51037598e-01
 5.53701876e+00, 2.68662194e+00, 6.72628980e+00, 4.38848390e+00, 1.43513034e-01
 6.58175028e+00, 2.57140688e+00, 5.37682761e+00, 2.00112391e+00, 2.92096441e-01
 5.90835732e+00, 4.31198760e+00, 6.94807966e+00, 3.12777607e+00, 2.11554803e-01
 7.13236510e+00, 4.46213556e+00, 6.79145168e+00, 4.82468490e+00, 7.52473535e-01
 6.06863183e+00, 3.81733979e+00, 6.17195285e+00, 3.04134938e+00, 7.76449806e-01
 6.12208507e+00, 3.80246324e+00, 4.59401060e+00, 2.59896187e+00, 7.67466297e-01
 7.86053469e+00, 3.42007397e+00, 3.32236096e+00, 4.34306416e+00, 6.55161703e-01
 7.25210136e+00, 3.45361745e+00, 6.49636465e+00, 2.98574602e+00, 8.69548811e-01
 5.01866629e+00, 3.68706224e+00, 3.70441111e+00, 3.11762596e+00, 4.63060412e-01
 7.19754944e+00, 2.36098390e+00, 5.58151737e+00, 3.79699858e+00, 5.00854394e-01
 5.50320868e+00, 3.11829764e+00, 3.07402435e+00, 4.53999286e+00, 6.20736917e-01
 7.34792905e+00, 2.88590487e+00, 3.33547617e+00, 3.64601225e+00, 2.61692263e-01
 5.21409989e+00, 4.78010440e+00, 5.59567216e+00, 3.42101620e+00, 7.18961479e-01
 5.46382279e+00, 2.75241262e+00, 5.27997722e+00, 2.68853029e+00, 6.23074977e-01
 5.64254676e+00, 4.38438868e+00, 5.63514439e+00, 2.04813222e+00, 7.37430281e-01
 5.80900907e+00, 4.64352420e+00, 3.04887889e+00, 2.85251610e+00, 5.45819979e-01
 5.17187278e+00, 3.30876315e+00, 6.04539872e+00, 2.41454351e+00, 7.74816019e-01
 5.08679537e+00, 4.69026819e+00, 3.34348542e+00, 3.86137289e+00, 9.47658461e-01
 7.75034023e+00, 2.35918235e+00, 3.61532573e+00, 4.65561393e+00, 3.34197505e-01
 7.62055234e+00, 3.72508054e+00, 6.53539654e+00, 3.19994162e+00, 5.24424732e-01
 6.17397385e+00, 3.43370539e+00, 4.55178079e+00, 4.19527532e+00, 4.73018842e-01
 6.29284845e+00, 3.79844589e+00, 4.39169429e+00, 2.24858716e+00, 4.29178522e-01
 7.01009922e+00, 4.53207138e+00, 4.48033262e+00, 2.65592739e+00, 7.75527483e-01
 7.84688694e+00, 4.94570726e+00, 3.81143798e+00, 2.62973201e+00, 7.59876938e-01
 5.36563584e+00, 3.04548294e+00, 6.83166991e+00, 2.47981978e+00, 9.19914506e-01
 5.52284820e+00, 4.21085478e+00, 4.74360658e+00, 3.14078708e+00, 7.43083614e-01
 5.03261745e+00, 3.35438027e+00, 4.74615641e+00, 2.70081143e+00, 8.80370256e-01
 6.32807318e+00, 2.46904460e+00, 5.68196033e+00, 2.49920088e+00, 1.76358946e-01
 6.75899687e+00, 4.41406660e+00, 3.17597924e+00, 2.56845527e+00, 1.41120114e-01
 7.68829553e+00, 3.02244237e+00, 6.44371180e+00, 4.06380152e+00, 2.26897464e-01
 7.56149124e+00, 4.07427757e+00, 3.74754589e+00, 3.19625502e+00, 3.03679684e-01
 5.94492570e+00, 3.64206488e+00, 3.20513653e+00, 4.68660700e+00, 2.03621802e-01
 7.36912590e+00, 2.64538008e+00, 4.42819886e+00, 2.92010109e+00, 7.53730473e-01
 6.02091696e+00, 2.12340205e+00, 4.23348756e+00, 3.99081497e+00, 5.05642061e-01
 5.85041299e+00, 4.15432872e+00, 4.43961291e+00, 4.13719275e+00, 6.68560136e-01
 7.63789398e+00, 3.73610705e+00, 4.85970039e+00, 4.00923362e+00, 8.28855629e-01
 5.57009151e+00, 2.78780130e+00, 4.99117198e+00, 3.62610449e+00, 7.02107199e-01
 5.08273112e+00, 4.05723719e+00, 5.44470954e+00, 4.87683808e+00, 2.20930815e-01
 7.46648849e+00, 3.86094141e+00, 3.62995994e+00, 3.44723504e+00, 7.77903215e-01
 6.43738762e+00, 2.34683099e+00, 6.27007004e+00, 2.95447769e+00, 5.17774876e-01
 5.43108071e+00, 2.42687441e+00, 6.68029035e+00, 4.22906024e+00, 6.57136136e-01
 6.19424547e+00, 4.84001082e+00, 4.50018133e+00, 2.06040917e+00, 7.50597522e-01
 5.92145345e+00, 4.96124016e+00, 3.42220187e+00, 4.80427031e+00, 9.45406071e-01
 7.49515780e+00, 4.66762356e+00, 3.78723929e+00, 3.08747148e+00, 6.53491356e-01
 6.76470697e+00, 2.87699471e+00, 4.56033173e+00, 3.22327402e+00, 2.87287751e-01
 7.70775033e+00, 3.91483687e+00, 5.90064895e+00, 4.37542300e+00, 8.27542509e-01
 7.97605967e+00, 4.57152710e+00, 5.39556897e+00, 4.09187309e+00, 8.37903007e-01
 6.53724577e+00, 2.95019411e+00, 3.35815070e+00, 3.57927347e+00, 2.28073142e-01
 6.90508379e+00, 2.89362230e+00, 6.81227567e+00, 4.34940756e+00, 8.86965979e-01
 6.39424728e+00, 3.20019376e+00, 3.04755830e+00, 4.77362590e+00, 1.34854316e-01
 5.70757926e+00, 3.92902097e+00, 5.31513847e+00, 3.94442299e+00, 1.75888674e-01
 6.67795115e+00, 2.38824412e+00, 4.21889303e+00, 4.07593574e+00, 8.64018025e-02
 7.72840223e+00, 2.39758252e+00, 6.22916636e+00, 2.66196400e+00, 2.62686650e-01
 5.29127905e+00, 2.11603090e+00, 6.50349560e+00, 3.99978507e+00, 9.77163030e-02
 6.21237720e+00, 3.89218948e+00, 5.87772047e+00, 3.39358969e+00, 3.64532782e-01
 6.62860963e+00, 2.65696839e+00, 4.28379181e+00, 4.40987944e+00, 3.45417995e-01
 5.38315937e+00, 3.22178933e+00, 5.98228128e+00, 4.94664831e+00, 6.18773895e-01
 6.14271738e+00, 2.07217732e+00, 3.92329549e+00, 4.26071649e+00, 4.92272634e-01
 6.63850351e+00, 4.04668189e+00, 3.37145114e+00, 4.75410671e+00, 4.04852501e-01
 7.28505135e+00, 4.65053238e+00, 6.77256916e+00, 4.16354495e+00, 7.93625390e-01
 5.99564634e+00, 3.05615432e+00, 6.92141382e+00, 4.11976743e+00, 6.12120078e-01
 7.79777614e+00, 2.89474030e+00, 3.10947232e+00, 4.08236500e+00, 2.13363107e-01
 7.11695683e+00, 3.60228826e+00, 5.19947862e+00, 2.25007777e+00, 7.68629620e-01
 6.72297425e+00, 2.98961662e+00, 6.24531303e+00, 3.45943739e+00, 8.34402957e-01
 7.69111360e+00, 4.93859231e+00, 6.01177492e+00, 4.69834448e+00, 8.49579930e-01
 5.97877135e+00, 4.44434223e+00, 6.14573275e+00, 2.18531887e+00, 2.97746803e-01
 5.53200181e+00, 3.11381934e+00, 6.16439480e+00, 4.67262065e+00, 8.88435854e-01
 6.23048102e+00, 4.85154024e+00, 4.70918819e+00, 2.39469917e+00, 1.45590867e-01
 6.45994486e+00, 4.27982615e+00, 5.80172315e+00, 2.65226909e+00, 5.97849982e-01
 6.59948393e+00, 2.75676653e+00, 3.25785604e+00, 4.86541610e+00, 1.07656684e-01
 6.03565398e+00, 4.89398318e+00, 5.39888911e+00, 4.66904019e+00, 8.50343776e-01
 5.34184193e+00, 3.23241191e+00, 3.32559059e+00, 2.46582005e+00, 8.46614593e-01
 6.72199572e+00, 3.72075689e+00, 3.87320818e+00, 4.33158344e+00, 5.78559916e-01
 5.28450225e+00, 4.67636623e+00, 3.51038300e+00, 2.40684701e+00, 3.50436561e-01
 5.44218462e+00, 4.42215875e+00, 5.25455078e+00, 3.16019845e+00, 1.28737689e-01
 7.07638302e+00, 3.67828190e+00, 5.57305872e+00, 2.88921316e+00, 5.53868112e-02
 6.71885726e+00, 2.47443499e+00, 3.58567065e+00, 4.19147482e+00, 9.33142832e-01
 6.77434017e+00, 4.75162876e+00, 4.84157128e+00, 2.02308168e+00, 1.86844902e-01
 5.94652399e+00, 2.22822326e+00, 4.02978298e+00, 3.75413263e+00, 5.61652095e-01
 6.62932211e+00, 3.67145548e+00, 5.74001780e+00, 3.06909818e+00, 9.07486676e-01
 7.45781522e+00, 2.71977904e+00, 4.10174487e+00, 2.79362793e+00, 3.52459632e-01
 5.41960790e+00, 3.77793577e+00, 3.45107255e+00, 2.56488688e+00, 6.33468038e-01
 5.27950646e+00, 3.63207713e+00, 5.69681630e+00, 2.12069715e+00, 4.10078474e-01
 5.09046602e+00, 2.19410404e+00, 5.72361051e+00, 3.52877806e+00, 4.34816039e-01
 7.27323989e+00, 2.33622215e+00, 3.60242041e+00, 4.08500737e+00, 2.53386437e-01
 5.62270289e+00, 4.42705012e+00, 5.81869407e+00, 3.11313827e+00, 1.62127765e-01
 7.25393339e+00, 2.52151464e+00, 3.62050756e+00, 4.38384703e+00, 3.09794542e-01
 7.15036992e+00, 3.92603638e+00, 6.09177808e+00, 2.30007777e+00, 1.39075519e-01
 7.04393096e+00, 2.24241941e+00, 4.27162595e+00, 3.10289693e+00, 5.33646950e-01
 6.20743274e+00, 2.97863989e+00, 6.17859339e+00, 3.56598810e+00, 1.56381738e-01
 5.52744850e+00, 2.82786321e+00, 6.02331622e+00, 2.83179138e+00, 6.53250250e-02
 6.91139940e+00, 2.02127866e+00, 6.55305703e+00, 4.05710946e+00, 1.59775509e-01
 7.94439182e+00, 3.31565111e+00, 4.33294909e+00, 3.98275451e+00, 6.77352426e-02
 5.13558206e+00, 3.13474512e+00, 4.84877867e+00, 4.28424097e+00, 8.09110901e-01
 7.38973360e+00, 2.72106048e+00, 3.76205012e+00, 4.48163369e+00, 5.67767239e-01
 7.81103409e+00, 2.23892297e+00, 3.64248166e+00, 2.19843977e+00, 2.46279047e-01
 7.66256468e+00, 3.50932700e+00, 3.86358277e+00, 3.38336503e+00, 4.07529474e-01
 6.13062464e+00, 4.48019533e+00, 5.45332642e+00, 4.18175694e+00, 1.57533735e-01
 7.99544690e+00, 4.86916613e+00, 5.04568661e+00, 2.37825971e+00, 9.08992313e-01
 5.07410005e+00, 4.30692658e+00, 4.58368708e+00, 3.06678622e+00, 6.14724800e-01
 7.42207980e+00, 4.24599109e+00, 3.23128955e+00, 4.77165347e+00, 2.18473503e-01
 7.82592508e+00, 3.69856023e+00, 4.37770770e+00, 3.83204999e+00, 4.86212297e-01
 7.27472946e+00, 2.49628844e+00, 4.48961823e+00, 3.27354438e+00, 6.84324265e-01
 7.31084750e+00, 2.28232525e+00, 3.08309086e+00, 3.09449522e+00, 2.92867937e-01
 5.02323877e+00, 4.39935970e+00, 4.79665917e+00, 2.89562629e+00, 8.20336755e-01
 5.56965403e+00, 4.62210909e+00, 6.74005863e+00, 2.27182528e+00, 9.00758091e-01
 7.00891373e+00, 4.07154833e+00, 6.30333767e+00, 2.43587531e+00, 3.80169719e-01
 6.11191766e+00, 2.11806695e+00, 5.92360190e+00, 4.60864462e+00, 2.51070635e-01
 5.30032433e+00, 2.50793379e+00, 6.03377856e+00, 2.29777542e+00, 7.08723228e-01
 7.81651586e+00, 2.52832681e+00, 6.98610908e+00, 4.28036178e+00, 8.82377438e-01
 7.88415701e+00, 2.69758615e+00, 4.35561247e+00, 2.75075539e+00, 9.34278795e-01
 7.16807993e+00, 3.56485506e+00, 6.71257628e+00, 3.74171673e+00, 2.05479975e-01
 7.58344278e+00, 4.28896198e+00, 4.88768086e+00, 2.56092759e+00, 1.05232402e-01
 5.75318308e+00, 2.48082205e+00, 5.15547485e+00, 3.52213100e+00, 8.94366118e-01
 5.63818304e+00, 4.76472912e+00, 4.66138525e+00, 2.15563800e+00, 3.85787092e-01
 5.24197657e+00, 3.25434054e+00, 4.21209829e+00, 2.57504454e+00, 1.62845758e-01
 6.78462422e+00, 3.77513229e+00, 3.94887770e+00, 2.07561843e+00, 6.25526166e-01
 5.65857890e+00, 2.08658798e+00, 5.27534729e+00, 2.80411916e+00, 4.76578410e-01
 5.49339144e+00, 3.58654866e+00, 5.99584819e+00, 2.81011584e+00, 7.69514865e-01
 7.67656712e+00, 3.78936175e+00, 3.93917855e+00, 3.92388858e+00, 6.95532218e-01
 7.10930151e+00, 2.12762672e+00, 6.75896055e+00, 3.84166058e+00, 1.80589155e-01
 6.15338981e+00, 4.82645004e+00, 4.15013387e+00, 3.21287409e+00, 5.27626338e-01
 6.92493338e+00, 3.08521125e+00, 5.46887265e+00, 3.99636507e+00, 6.42781500e-01
 7.44393574e+00, 4.61578104e+00, 3.76696719e+00, 2.62383624e+00, 2.76366365e-01
 6.47692051e+00, 3.53129921e+00, 5.60975121e+00, 3.99475015e+00, 2.44143706e-01
 5.91415504e+00, 4.16146645e+00, 4.30169780e+00, 2.60892927e+00, 2.08197135e-01
 7.30379512e+00, 3.12024032e+00, 5.00917808e+00, 3.33999975e+00, 3.51994715e-01
 5.81774971e+00, 3.22751884e+00, 4.62010141e+00, 4.70671336e+00, 5.64036699e-01
 7.46461589e+00, 3.01287856e+00, 3.32973326e+00, 3.69322392e+00, 9.31558367e-01
 6.47059403e+00, 4.25769136e+00, 5.28549618e+00, 3.78933146e+00, 4.71566210e-01
 6.94852790e+00, 3.66408049e+00, 4.53797963e+00, 4.35864266e+00, 2.60864984e-01
 7.80206554e+00, 2.31958774e+00, 5.12062455e+00, 4.65227814e+00, 5.71585168e-01
 7.23415074e+00, 3.17297125e+00, 5.54286281e+00, 3.86665489e+00, 6.64386223e-01
 5.64959859e+00, 4.33451555e+00, 5.70289693e+00, 3.29717834e+00, 2.00175625e-01
 7.40982630e+00, 4.46980890e+00, 3.15275185e+00, 4.12612481e+00, 8.73712823e-01
 7.36543160e+00, 4.11447162e+00, 5.20615194e+00, 4.72463609e+00, 6.12524407e-01
 7.45309523e+00, 2.03649343e+00, 5.84884195e+00, 3.73768819e+00, 5.83795143e-02
 6.63497198e+00, 4.36933192e+00, 5.95183218e+00, 3.13374644e+00, 2.85498984e-01
 5.86175456e+00, 2.64259037e+00, 3.20083651e+00, 3.14604625e+00, 6.13905300e-02
 7.98597909e+00, 3.99141194e+00, 6.28667432e+00, 3.18448089e+00, 1.18213704e-01
 6.79532214e+00, 4.13152151e+00, 4.57203285e+00, 4.37670700e+00, 3.82759198e-01
 7.23570892e+00, 3.37471258e+00, 5.02643936e+00, 3.01479457e+00, 7.09719950e-01
 7.41892660e+00, 3.90620153e+00, 3.57851517e+00, 4.81884959e+00, 3.24714238e-01
 7.87852841e+00, 3.20605998e+00, 6.42684704e+00, 3.47714632e+00, 6.87901819e-01
 5.97645531e+00, 3.42985860e+00, 6.77160685e+00, 4.61697554e+00, 4.01698616e-01
 7.67010169e+00, 3.09420391e+00, 6.60153450e+00, 2.46007742e+00, 3.69482189e-01
 5.30358834e+00, 3.40387564e+00, 5.94161429e+00, 4.83074254e+00, 2.13842240e-01
 5.32642226e+00, 4.52307776e+00, 5.55746895e+00, 2.13407001e+00, 1.55508216e-01
 5.84055504e+00, 2.94420828e+00, 6.95864279e+00, 4.43295008e+00, 2.09863685e-01
 7.79445653e+00, 4.33755400e+00, 6.91611228e+00, 3.97702569e+00, 2.16506610e-01
 5.97083547e+00, 2.65005292e+00, 4.10943716e+00, 4.21710865e+00, 4.59554279e-01
 7.33751734e+00, 2.11187742e+00, 5.15698315e+00, 3.53541030e+00, 6.56167043e-01
 7.63074310e+00, 4.29071693e+00, 5.96119416e+00, 4.74868925e+00, 5.51636383e-01
 5.68786010e+00, 4.39097004e+00, 4.22133134e+00, 3.48755880e+00, 9.42826271e-01
 7.03315126e+00, 4.35485758e+00, 5.46139263e+00, 3.90741446e+00, 2.57237148e-01
 6.44926060e+00, 4.10629282e+00, 3.59716460e+00, 3.66144275e+00, 5.72626046e-01
 5.93344116e+00, 4.83753117e+00, 3.39755838e+00, 2.24137678e+00, 9.01939236e-01
 6.51700311e+00, 2.77322650e+00, 3.19696384e+00, 4.25508811e+00, 2.78703742e-01
 7.04043869e+00, 3.68100217e+00, 3.46226614e+00, 4.47592560e+00, 2.46169279e-01
 6.04713596e+00, 3.19940409e+00, 4.47257412e+00, 4.59063332e+00, 3.95802176e-01
 5.16043143e+00, 4.99656406e+00, 3.55028880e+00, 3.13762701e+00, 1.53651842e-01
 5.54401181e+00, 3.29588543e+00, 5.83217929e+00, 2.67613559e+00, 8.76586903e-01
 6.93941722e+00, 2.31696663e+00, 4.02618231e+00, 4.11301704e+00, 7.78945635e-01
 6.41376510e+00, 3.62854251e+00, 6.38299382e+00, 4.25174322e+00, 3.80865090e-01
 6.88926732e+00, 4.29470477e+00, 6.62492208e+00, 4.35432626e+00, 8.83867810e-01
 5.30783405e+00, 3.72312020e+00, 3.30450579e+00, 2.64061416e+00, 5.14506455e-01
 6.84166221e+00, 2.45637777e+00, 5.32697329e+00, 2.19626119e+00, 8.11305651e-01
 7.13770748e+00, 3.98260173e+00, 3.85601793e+00, 2.58661055e+00, 7.23603196e-01
 7.99312555e+00, 3.48634561e+00, 6.69608606e+00, 4.27331324e+00, 4.40053937e-01
 7.26123142e+00, 2.34068319e+00, 4.60853374e+00, 4.90129918e+00, 7.84880311e-01
 7.19243052e+00, 2.33296873e+00, 6.31178279e+00, 3.21771043e+00, 8.55144593e-01
 7.31919163e+00, 4.16879750e+00, 5.35909464e+00, 4.54218877e+00, 2.53764319e-01
 6.85751095e+00, 2.66230096e+00, 5.00596068e+00, 3.04702627e+00, 6.96022830e-02
 5.43841233e+00, 2.51472443e+00, 3.89116859e+00, 2.99289705e+00, 7.03064862e-01
 7.75817629e+00, 2.80032805e+00, 4.07833229e+00, 2.33875415e+00, 2.82774374e-01
 6.91513499e+00, 4.04027906e+00, 4.92624240e+00, 2.68590209e+00, 4.76785958e-01
 7.18192065e+00, 3.07746825e+00, 4.94019130e+00, 4.97898128e+00, 6.54265603e-01
 7.16957149e+00, 4.34907015e+00, 5.53627603e+00, 2.40986877e+00, 3.96846789e-01
 5.93696041e+00, 4.03839262e+00, 4.39414833e+00, 3.60311832e+00, 4.78272695e-01
 5.96840795e+00, 4.36693150e+00, 3.85552530e+00, 3.68740685e+00, 3.00182379e-01
 6.03282340e+00, 4.48818956e+00, 4.20397521e+00, 3.06020292e+00, 4.86824569e-01
 7.33283911e+00, 2.96872052e+00, 5.85331807e+00, 4.33890758e+00, 5.09025934e-01
 7.39705683e+00, 3.62036020e+00, 4.37337665e+00, 2.69062797e+00, 5.15818186e-01
 7.34147122e+00, 2.76945241e+00, 5.78756467e+00, 4.88838346e+00, 5.02622184e-01
 7.87661910e+00, 2.55791634e+00, 4.72543180e+00, 4.03062200e+00, 1.93991919e-01
 7.02820506e+00, 4.76859005e+00, 6.01765325e+00, 2.30773202e+00, 3.13765909e-01
 7.26932032e+00, 4.25977584e+00, 4.82389757e+00, 3.43977936e+00, 1.41962346e-01
 7.27808489e+00, 3.52747425e+00, 5.51513557e+00, 3.62495985e+00, 7.22545721e-01
 6.59055690e+00, 2.22152273e+00, 5.22390459e+00, 2.03925918e+00, 7.46559749e-01
 5.64764490e+00, 3.32541888e+00, 5.06091661e+00, 3.39635795e+00, 8.95862095e-01
 7.05237860e+00, 2.44181028e+00, 6.72343340e+00, 2.99916566e+00, 2.32334327e-01
 6.15723437e+00, 2.83524712e+00, 4.12985531e+00, 2.59289270e+00, 4.13135003e-01
 7.64869829e+00, 4.76956921e+00, 5.49721404e+00, 2.01405812e+00, 2.10653220e-01
 7.29932154e+00, 3.76328325e+00, 6.80096216e+00, 3.17727847e+00, 4.11361782e-01
 5.58138017e+00, 4.92322309e+00, 5.23908199e+00, 3.22556018e+00, 6.36361343e-01
 5.39372303e+00, 4.95996489e+00, 4.19691040e+00, 4.52515103e+00, 6.51322833e-02
 7.72059165e+00, 3.38019547e+00, 4.26752325e+00, 3.28976525e+00, 4.38768987e-01
 5.10242183e+00, 2.94543691e+00, 5.31675117e+00, 3.93406875e+00, 7.82904338e-01
 5.05113003e+00, 4.84305609e+00, 5.78954937e+00, 2.48334267e+00, 7.42469863e-01
 7.89798871e+00, 3.94285697e+00, 6.55129902e+00, 4.15905914e+00, 8.75348583e-01
 6.65162940e+00, 2.81222687e+00, 3.29060608e+00, 3.36126105e+00, 7.98726093e-01
 5.27417060e+00, 2.70979360e+00, 3.67752702e+00, 3.70794670e+00, 7.51763902e-01
 7.93064087e+00, 4.14536539e+00, 6.39985517e+00, 3.68492466e+00, 4.70143429e-01
 5.69633293e+00, 2.85733015e+00, 4.93170026e+00, 4.03267046e+00, 4.88726139e-01
 6.21581045e+00, 2.28764465e+00, 3.95559198e+00, 4.20175830e+00, 4.52705827e-01
 5.88928050e+00, 3.32964277e+00, 5.64227600e+00, 3.51661085e+00, 4.66442090e-01
 6.16722029e+00, 2.62378630e+00, 5.97778794e+00, 2.69489436e+00, 7.11771286e-01
 5.03540439e+00, 3.39492641e+00, 4.08185992e+00, 2.70808095e+00, 4.24368957e-01
 6.38397249e+00, 4.17574039e+00, 3.24955854e+00, 2.99444590e+00, 5.87982477e-01
 6.73324267e+00, 3.18958607e+00, 3.28384709e+00, 4.66086274e+00, 6.30244121e-01
 5.83374630e+00, 4.85961960e+00, 6.11487924e+00, 3.92222898e+00, 5.18411341e-01
 6.62301408e+00, 2.69049290e+00, 3.83038967e+00, 3.13657157e+00, 3.43510065e-01
 6.27542787e+00, 2.61333780e+00, 5.71269866e+00, 3.25138596e+00, 1.77313912e-01
 6.77819555e+00, 3.18393845e+00, 5.98905404e+00, 2.16633538e+00, 8.03351660e-01
 7.81709100e+00, 3.44390000e+00, 3.46499639e+00, 3.24082732e+00, 7.05825821e-02
 6.10651752e+00, 2.45420290e+00, 4.40092206e+00, 4.17891665e+00, 2.63390350e-01
 6.05726426e+00, 3.96734204e+00, 6.47813045e+00, 3.54268880e+00, 8.64852934e-01
 6.65711608e+00, 4.89082797e+00, 6.10017887e+00, 4.36739293e+00, 1.92537850e-01
 6.70865181e+00, 3.10377354e+00, 6.08469122e+00, 3.40849819e+00, 3.57842121e-01
 6.47995605e+00, 4.95095818e+00, 5.55254092e+00, 4.69190796e+00, 1.03144160e-01
 5.31708191e+00, 2.51209865e+00, 4.30850761e+00, 3.23133451e+00, 9.48828071e-01
 6.07906691e+00, 3.66882543e+00, 4.39937174e+00, 2.09415745e+00, 4.08557133e-01
 5.34871626e+00, 4.72152570e+00, 4.20416032e+00, 3.30813279e+00, 1.21896681e-01
 7.74480422e+00, 3.31974412e+00, 4.60568063e+00, 4.91249883e+00, 5.43403636e-01
 6.60527477e+00, 3.06502240e+00, 3.07964143e+00, 2.68252638e+00, 8.66781563e-01
 5.95379309e+00, 3.06953190e+00, 3.79326064e+00, 2.84859354e+00, 3.55795318e-01
 7.68210457e+00, 4.49700974e+00, 6.59279501e+00, 4.74744016e+00, 2.49331106e-01
 7.76035236e+00, 4.17479431e+00, 4.63630435e+00, 3.54553314e+00, 7.27263484e-01
 6.86165654e+00, 2.78917588e+00, 6.67748001e+00, 3.57529478e+00, 2.02663769e-01
 6.90468160e+00, 4.46332892e+00, 5.67813082e+00, 4.72708567e+00, 6.17873535e-01
 5.06364363e+00, 3.16357755e+00, 5.38424697e+00, 2.11747691e+00, 2.81139372e-01
 7.82246550e+00, 4.56175360e+00, 3.59136045e+00, 3.09070142e+00, 9.09699955e-01
 6.68731412e+00, 4.54479481e+00, 5.34517104e+00, 3.35258200e+00, 3.47994246e-01
 6.16360608e+00, 4.09391535e+00, 4.73534903e+00, 3.58560303e+00, 1.94810623e-01
 5.32799073e+00, 4.70765193e+00, 4.61603923e+00, 3.84533463e+00, 5.60884253e-01
 5.87283487e+00, 3.03645178e+00, 6.23565089e+00, 3.18928769e+00, 6.23495607e-01
 7.17211278e+00, 4.92078658e+00, 5.21637454e+00, 2.62592214e+00, 4.65322705e-01
 7.85193155e+00, 2.61698198e+00, 4.64692205e+00, 2.55079392e+00, 1.50446986e-01
 6.48413793e+00, 2.62666388e+00, 3.68881254e+00, 2.47470473e+00, 5.28678722e-01
 6.33702034e+00, 2.43861944e+00, 4.98355575e+00, 4.59416347e+00, 1.04318974e-01
 5.12355891e+00, 4.50923417e+00, 3.72282829e+00, 2.02066835e+00, 6.52107403e-01
 5.85677515e+00, 2.81738848e+00, 3.99651944e+00, 2.61949457e+00, 7.92319467e-01
 6.24766340e+00, 3.39767114e+00, 6.38652440e+00, 4.04489333e+00, 6.74045116e-01
 6.85648402e+00, 2.86855211e+00, 3.12793774e+00, 4.39417111e+00, 1.34265591e-01
 6.82642103e+00, 3.97723678e+00, 5.52389261e+00, 2.81481754e+00, 8.17517531e-01
 7.58670067e+00, 3.30241285e+00, 3.22727925e+00, 2.75960915e+00, 7.61503456e-01
 5.19451190e+00, 2.76440583e+00, 5.85727044e+00, 4.29629396e+00, 3.30964839e-01
 5.42345313e+00, 4.11673263e+00, 5.07721600e+00, 2.22192901e+00, 1.40223942e-01
 6.52063458e+00, 2.91650118e+00, 3.39555654e+00, 2.84457102e+00, 5.91673339e-01
 6.09457783e+00, 4.81661001e+00, 3.91926811e+00, 2.57837001e+00, 6.21835908e-01
 7.32261910e+00, 4.75800331e+00, 5.64519875e+00, 3.02207762e+00, 5.38366932e-01
 7.78650812e+00, 2.88913770e+00, 6.99967051e+00, 2.56118279e+00, 8.83362767e-01
 5.49160563e+00, 3.04822147e+00, 5.46701748e+00, 2.12736354e+00, 6.01278095e-01
 7.10024033e+00, 4.78515760e+00, 5.14842858e+00, 2.89900392e+00, 6.89147374e-01
 7.73449443e+00, 2.56529610e+00, 5.18529547e+00, 3.45757835e+00, 8.14621687e-01
 5.12822614e+00, 2.60044714e+00, 6.35937580e+00, 4.55438200e+00, 6.58783130e-01
 5.01114489e+00, 2.87368638e+00, 4.05211206e+00, 4.44533619e+00, 4.25163581e-01
 7.08933287e+00, 2.86378008e+00, 4.00611021e+00, 2.87932786e+00, 1.23140430e-01
 5.07667360e+00, 4.91168620e+00, 5.53364035e+00, 3.35431263e+00, 7.67036919e-01
 7.00680006e+00, 3.75713305e+00, 6.43316369e+00, 4.47848206e+00, 8.96149562e-01
 7.06331526e+00, 4.68309499e+00, 6.84096991e+00, 2.67990230e+00, 1.13424757e-01
 7.44057567e+00, 4.47469240e+00, 4.93814225e+00, 3.50031235e+00, 8.97118787e-01
 6.39590005e+00, 4.20347482e+00, 4.69564020e+00, 3.89415032e+00, 8.36748445e-01
 7.88169345e+00, 4.59821294e+00, 5.40838774e+00, 2.73514086e+00, 6.08827858e-01
 5.37055472e+00, 3.85153819e+00, 5.89636054e+00, 4.43398859e+00, 5.20382722e-02
 6.77062630e+00, 4.44013626e+00, 4.51030560e+00, 4.91556427e+00, 2.75407489e-01
 7.94190434e+00, 2.35678178e+00, 3.61985060e+00, 3.38756174e+00, 7.72325080e-01
 7.47158007e+00, 2.28101926e+00, 5.45160905e+00, 3.44472397e+00, 3.18312804e-01
 6.04431276e+00, 2.73653995e+00, 6.49542554e+00, 4.10646807e+00, 6.04286927e-02
 7.60220813e+00, 3.43408176e+00, 3.64799076e+00, 3.73359550e+00, 8.28046534e-01
 7.95607709e+00, 4.32159449e+00, 4.83145465e+00, 3.00947735e+00, 3.54629320e-01
 6.49747311e+00, 4.74034251e+00, 3.97665786e+00, 2.96295706e+00, 5.50266593e-01
 6.01487991e+00, 4.90083281e+00, 4.20825452e+00, 3.02467626e+00, 7.94442838e-01
 7.39590137e+00, 3.52217819e+00, 5.50035423e+00, 2.14276594e+00, 5.66279121e-01
 7.90202709e+00, 3.76696554e+00, 5.20256328e+00, 4.33535210e+00, 1.64074205e-01
 5.98297285e+00, 4.22626776e+00, 5.18948236e+00, 3.56042931e+00, 8.99718503e-01
 5.13979392e+00, 4.24798827e+00, 6.85344085e+00, 3.46669649e+00, 1.18547975e-01
 6.06716982e+00, 2.41620009e+00, 5.05014801e+00, 2.53004832e+00, 4.33993069e-01
 5.05599302e+00, 4.65495697e+00, 6.77624602e+00, 4.38798345e+00, 6.86192680e-02
 5.88407449e+00, 3.65602670e+00, 3.79194710e+00, 2.50686450e+00, 7.80679171e-02
 5.65314765e+00, 4.87818437e+00, 6.83812377e+00, 3.37070709e+00, 7.04168098e-01
 7.77055680e+00, 4.51580244e+00, 3.22292653e+00, 2.79653024e+00, 3.39778646e-01
 7.29263939e+00, 3.73873503e+00, 6.21827655e+00, 4.46979505e+00, 2.17657936e-01
 5.41089543e+00, 3.00909250e+00, 3.82156328e+00, 2.09130848e+00, 8.94389199e-02
 7.48339750e+00, 3.97332398e+00, 3.34510185e+00, 2.82474936e+00, 7.29527763e-01
 7.11813236e+00, 2.02853368e+00, 5.19323870e+00, 2.25594361e+00, 2.90576393e-01
 7.55202676e+00, 2.13793399e+00, 4.36509990e+00, 4.42802293e+00, 5.39415717e-02
 7.65741438e+00, 3.64783307e+00, 4.71496391e+00, 4.87970080e+00, 5.42838270e-01
 7.57013968e+00, 2.57342042e+00, 4.28527161e+00, 4.48662161e+00, 1.90052540e-01
 7.91902972e+00, 4.76170051e+00, 4.59104650e+00, 2.96987669e+00, 4.03239088e-01
 5.34599147e+00, 4.77359195e+00, 3.43157080e+00, 4.98821668e+00, 7.15425766e-01
 6.02420427e+00, 2.97581411e+00, 4.11283310e+00, 3.65324850e+00, 2.52354870e-01
 6.50648247e+00, 3.49515291e+00, 4.86456736e+00, 4.83336098e+00, 3.68054101e-01
 6.60939841e+00, 3.84042436e+00, 4.64052360e+00, 2.26989132e+00, 6.04171950e-01
 7.98117362e+00, 4.17877646e+00, 4.45046590e+00, 4.69648074e+00, 7.89573845e-01
 7.66537811e+00, 2.19857750e+00, 6.98399312e+00, 4.96842171e+00, 7.24349839e-01
 7.60919543e+00, 2.62938853e+00, 3.25465660e+00, 4.66598154e+00, 8.48679625e-01
 7.06983807e+00, 2.80852292e+00, 6.02507083e+00, 4.73861842e+00, 1.89117412e-01
 7.83556200e+00, 2.31346008e+00, 6.12929987e+00, 4.12894492e+00, 5.69978151e-01
 6.75541915e+00, 2.17340932e+00, 5.73657336e+00, 3.50660255e+00, 6.91564382e-01
 5.82839833e+00, 3.13767141e+00, 3.49172592e+00, 4.50128460e+00, 2.40340465e-01
 5.61611331e+00, 3.00207959e+00, 3.81721524e+00, 3.08388772e+00, 5.39945231e-01
 7.20094781e+00, 4.85893513e+00, 3.09347216e+00, 3.33613046e+00, 5.74551148e-01
 6.30290030e+00, 3.40655790e+00, 5.09290363e+00, 2.53424123e+00, 7.12825693e-01
 5.23153262e+00, 3.34645237e+00, 3.40897636e+00, 3.89089245e+00, 7.79276852e-01
 7.53000136e+00, 3.98669070e+00, 6.14238786e+00, 3.63130953e+00, 5.54105246e-01
 5.66509940e+00, 3.18549526e+00, 5.11959723e+00, 3.22918929e+00, 1.60417938e-01
 7.70062864e+00, 3.35238897e+00, 4.26083370e+00, 3.78734103e+00, 3.22123111e-01
 7.40078640e+00, 2.93569568e+00, 6.61455383e+00, 3.63925769e+00, 3.28870546e-01
 5.11998110e+00, 2.39297811e+00, 5.32918740e+00, 4.57141124e+00, 5.89017860e-01
 7.02708564e+00, 3.00130247e+00, 6.73331208e+00, 3.36379781e+00, 2.36499568e-01
 7.95479555e+00, 4.53149419e+00, 6.69501399e+00, 2.61435140e+00, 9.32849592e-01
 5.95441017e+00, 4.92585303e+00, 4.04743441e+00, 4.55642385e+00, 5.90687323e-01
 5.82420800e+00, 3.25767961e+00, 4.77924306e+00, 2.44563948e+00, 8.48526732e-02
 6.95668772e+00, 3.08196758e+00, 4.14159006e+00, 2.60588348e+00, 7.20636436e-01
 7.42682631e+00, 3.36287830e+00, 6.14958252e+00, 4.32611051e+00, 7.27974601e-01
 7.77642761e+00, 2.84619912e+00, 6.28935537e+00, 2.73265337e+00, 8.06306753e-01
 6.01339214e+00, 2.35324050e+00, 3.60568843e+00, 2.59065877e+00, 3.98350102e-01
 7.47985754e+00, 3.40769939e+00, 5.65935592e+00, 2.54657099e+00, 3.34595158e-01
 6.55240211e+00, 4.40687939e+00, 6.55910335e+00, 4.18738839e+00, 6.94973143e-01
 6.25685660e+00, 2.85149445e+00, 5.00256338e+00, 2.86656079e+00, 9.18933909e-02
 5.84771219e+00, 4.72991747e+00, 4.25973900e+00, 3.59498480e+00, 5.07096131e-01
 7.73096624e+00, 2.38349615e+00, 6.79718110e+00, 4.31041317e+00, 8.41315567e-01
 5.04726701e+00, 4.44547763e+00, 4.91895219e+00, 2.55751570e+00, 3.07407499e-01
 5.41260125e+00, 3.90104465e+00, 6.17466468e+00, 3.87971777e+00, 8.45857526e-01
 7.00316123e+00, 3.22027025e+00, 4.55735360e+00, 3.15066096e+00, 6.29535819e-01
 7.18031320e+00, 4.51789660e+00, 3.57538706e+00, 2.95739251e+00, 4.04304157e-01
 5.27758090e+00, 3.84279474e+00, 4.36051130e+00, 3.29429176e+00, 6.75307873e-01
 7.64358595e+00, 3.39186068e+00, 4.18841062e+00, 3.70531536e+00, 6.50703340e-01
 5.01551791e+00, 3.87951360e+00, 4.52714056e+00, 3.88972250e+00, 7.74011942e-01
 5.71616788e+00, 2.53896929e+00, 3.58200914e+00, 4.51710210e+00, 6.80878865e-01
 5.92509871e+00, 3.46971061e+00, 3.52323209e+00, 4.51674193e+00, 8.77190138e-02
 6.64324882e+00, 4.27385755e+00, 5.16610071e+00, 2.31823134e+00, 3.40186427e-01
 7.21204684e+00, 3.37981705e+00, 5.52926236e+00, 2.17708440e+00, 4.72639195e-01
 7.59065687e+00, 2.28825682e+00, 5.41568346e+00, 2.97223785e+00, 7.40230992e-01
 5.15185035e+00, 4.60743823e+00, 6.24067760e+00, 3.83431247e+00, 5.92087911e-01
 6.88262075e+00, 4.38541643e+00, 5.17279953e+00, 4.62356945e+00, 4.56566215e-01
 7.44968442e+00, 2.15432742e+00, 5.06922342e+00, 2.94985628e+00, 6.57608819e-01
 5.82044054e+00, 3.12759678e+00, 6.65770461e+00, 4.01017865e+00, 2.99037754e-01
 6.36506345e+00, 4.15178661e+00, 5.16222592e+00, 2.03523206e+00, 2.21594374e-01
 5.21701299e+00, 2.00750024e+00, 3.01978917e+00, 2.88321237e+00, 3.20850831e-01
 5.62544002e+00, 2.71111699e+00, 6.37952525e+00, 4.45030162e+00, 6.33037234e-01
 5.60802923e+00, 2.26068185e+00, 4.73043959e+00, 4.82063509e+00, 7.62558560e-01
 6.31094563e+00, 3.52656202e+00, 3.20990170e+00, 4.86335204e+00, 4.43982785e-01
 7.90737410e+00, 2.26257503e+00, 4.58743005e+00, 3.47120806e+00, 1.96249507e-01
 6.89322605e+00, 3.82967023e+00, 6.66187100e+00, 2.85817381e+00, 3.53709475e-01
 7.96077010e+00, 3.59199060e+00, 3.08587858e+00, 2.99733926e+00, 1.80007376e-01
 7.56306234e+00, 3.22631209e+00, 3.65849537e+00, 4.83510563e+00, 1.20187054e-01
 6.28503311e+00, 4.78353750e+00, 3.39146882e+00, 4.93493259e+00, 8.24222225e-01
 6.38920432e+00, 3.70549801e+00, 3.04211523e+00, 4.05208390e+00, 6.27718950e-01
 7.00007567e+00, 3.35694263e+00, 3.37533732e+00, 3.07353266e+00, 1.35831234e-01
 7.38243185e+00, 2.82905287e+00, 4.83761369e+00, 3.61305947e+00, 2.71009547e-01
 5.86493673e+00, 3.47553470e+00, 4.73908680e+00, 2.90522717e+00, 1.37235172e-01
 7.37569116e+00, 3.99818225e+00, 5.52496944e+00, 3.88398033e+00, 1.06968683e-01
 6.93746626e+00, 4.52049808e+00, 3.37745125e+00, 4.07860805e+00, 2.22638111e-01
 7.09770459e+00, 2.20237992e+00, 6.10987658e+00, 4.92615774e+00, 7.54534963e-01
 7.63553111e+00, 4.79560989e+00, 4.23900980e+00, 2.67378542e+00, 8.36539554e-01
 5.29884706e+00, 3.02650242e+00, 6.53926966e+00, 3.69604770e+00, 1.88225042e-01
 5.18426249e+00, 4.71968706e+00, 6.85928797e+00, 2.13047513e+00, 1.68737042e-01
 6.92736161e+00, 3.88805762e+00, 4.87597745e+00, 3.43373279e+00, 7.33504927e-01
 7.15613578e+00, 2.40263967e+00, 6.56310019e+00, 2.79885884e+00, 2.93339417e-01
 6.32161175e+00, 4.71670661e+00, 3.12008008e+00, 2.36158356e+00, 6.39606622e-02
 6.76904319e+00, 4.62556556e+00, 3.31811990e+00, 4.23422687e+00, 9.46561770e-01
 6.03950967e+00, 4.16524687e+00, 6.00360058e+00, 4.45836969e+00, 6.01899739e-01
 7.86300466e+00, 3.59859197e+00, 4.32024253e+00, 3.58746687e+00, 7.82053238e-01
 6.52533837e+00, 2.02028642e+00, 4.90905169e+00, 2.38810877e+00, 9.57499919e-02
 5.58306841e+00, 4.45976328e+00, 4.27590767e+00, 4.21138277e+00, 5.59608507e-02
 6.24412484e+00, 4.53608928e+00, 6.01247763e+00, 3.82501491e+00, 4.17597632e-01
 6.56479719e+00, 2.59523206e+00, 5.58753582e+00, 2.46293905e+00, 8.16628814e-01
 5.72984448e+00, 2.23175823e+00, 4.72191083e+00, 4.17002233e+00, 6.51933592e-01
 5.52861297e+00, 2.11078950e+00, 6.00622304e+00, 3.27902485e+00, 3.97593286e-01
 6.41702153e+00, 3.51917214e+00, 6.90398222e+00, 2.82973909e+00, 7.50191810e-02
 7.07447133e+00, 4.57085956e+00, 5.24479563e+00, 2.94381349e+00, 4.78883350e-01
 5.74659191e+00, 4.61883289e+00, 5.62269595e+00, 3.14436310e+00, 3.19448884e-01
 5.04141916e+00, 4.49444934e+00, 4.31438457e+00, 4.11615244e+00, 2.33030997e-01
 5.37393537e+00, 4.98963042e+00, 5.93761195e+00, 4.14670862e+00, 3.10435089e-01
 5.76864418e+00, 3.87378421e+00, 4.63480834e+00, 4.63083188e+00, 5.85108274e-01
 6.78819293e+00, 3.85614581e+00, 6.86146846e+00, 2.85701214e+00, 9.20889929e-01
 6.52124031e+00, 2.07589484e+00, 5.65185762e+00, 3.89805919e+00, 3.07135789e-01
 5.91043223e+00, 4.35578343e+00, 6.26414334e+00, 2.86898504e+00, 4.49262075e-01
 7.05875286e+00, 3.49858707e+00, 4.04801068e+00, 2.74398885e+00, 4.16296958e-01
 7.77375297e+00, 3.58328883e+00, 6.36633005e+00, 4.72095531e+00, 9.10532387e-01
 6.96855581e+00, 4.25543020e+00, 4.60354676e+00, 3.35895442e+00, 8.61101383e-01
 7.71078817e+00, 4.39582847e+00, 4.96037579e+00, 3.77517286e+00, 2.85823009e-01
 7.35904865e+00, 3.41594563e+00, 4.12122816e+00, 4.58449063e+00, 9.42491004e-02
 6.37614263e+00, 3.32749006e+00, 4.98693314e+00, 4.88943323e+00, 7.04774859e-01
 7.78875542e+00, 3.55415659e+00, 4.01714867e+00, 3.17000836e+00, 4.21395653e-01
 5.19047512e+00, 3.05088520e+00, 3.09976679e+00, 4.71250750e+00, 8.00608467e-01
 7.50334129e+00, 2.90774144e+00, 3.72997893e+00, 4.02114617e+00, 9.02315002e-01
 6.35542120e+00, 2.08957537e+00, 3.88021320e+00, 4.90965403e+00, 7.62475053e-02
 6.41934198e+00, 2.55298736e+00, 5.32083180e+00, 4.27437520e+00, 8.99518993e-01
 7.99853804e+00, 2.16847671e+00, 3.51575295e+00, 4.97362240e+00, 8.53476481e-01
 6.08548145e+00, 3.74936852e+00, 6.76575321e+00, 3.34657517e+00, 8.78433799e-02
 5.29564004e+00, 2.40126466e+00, 4.67133703e+00, 3.29921148e+00, 6.71044943e-01
 7.46213831e+00, 3.74350214e+00, 6.29362661e+00, 2.44958621e+00, 4.57218601e-01
 6.42923554e+00, 2.58416560e+00, 4.53511292e+00, 2.34105618e+00, 6.81125314e-01
 7.02244688e+00, 2.61972933e+00, 5.73118721e+00, 3.62263936e+00, 8.32698924e-01
 5.93234697e+00, 2.60849106e+00, 6.04279505e+00, 3.92979158e+00, 6.13695090e-01
 6.34139398e+00, 4.94832665e+00, 3.90094565e+00, 4.93995635e+00, 8.25743175e-01
 6.31467140e+00, 4.93003571e+00, 3.51935578e+00, 3.76525386e+00, 5.77081925e-02
 6.29899653e+00, 4.93525899e+00, 6.87543365e+00, 4.45336211e+00, 7.34481603e-01
 5.68024659e+00, 2.84274980e+00, 6.11975392e+00, 3.12236556e+00, 6.37715309e-01
 6.25305313e+00, 4.58531414e+00, 4.51533944e+00, 3.49138320e+00, 4.80651571e-01
 7.67329214e+00, 3.83000876e+00, 6.33551738e+00, 3.05869051e+00, 8.18481347e-01
 5.31125656e+00, 2.79722672e+00, 6.74575378e+00, 2.19026646e+00, 7.17956748e-02
 5.77925082e+00, 4.90800843e+00, 3.30268660e+00, 2.03145682e+00, 1.30066108e-01
 6.04331965e+00, 2.40710727e+00, 3.05927359e+00, 2.34738029e+00, 2.88324531e-01
 7.72405248e+00, 2.36515297e+00, 4.51864431e+00, 4.67310593e+00, 9.44030978e-01
 7.64162449e+00, 3.16492593e+00, 6.34249427e+00, 2.07059085e+00, 4.64800930e-01
 6.22686083e+00, 2.26675966e+00, 3.57091990e+00, 4.02455896e+00, 1.46843999e-01
 7.69453709e+00, 2.59700310e+00, 6.12464110e+00, 2.53246991e+00, 4.40873521e-01
 5.23626517e+00, 4.79857423e+00, 5.83122190e+00, 2.04226122e+00, 4.42405158e-01
 5.00741300e+00, 2.06631625e+00, 3.68144565e+00, 3.83782238e+00, 1.02003049e-01
 7.25879100e+00, 2.00307568e+00, 4.62652612e+00, 4.03429074e+00, 6.20588724e-01
 7.01724516e+00, 4.74358694e+00, 6.48592724e+00, 2.05422719e+00, 3.12024501e-01
 6.61897478e+00, 3.94606803e+00, 3.27742939e+00, 4.26765757e+00, 5.75026769e-01
 7.17582373e+00, 3.12806919e+00, 5.03518920e+00, 4.80988219e+00, 4.31551978e-01
 7.40695674e+00, 2.12916794e+00, 6.96740489e+00, 3.58308252e+00, 9.11480156e-01
 6.68209775e+00, 3.03167337e+00, 4.97670221e+00, 3.53657875e+00, 3.60687834e-01
 7.04878050e+00, 4.79015190e+00, 3.26945243e+00, 4.59513930e+00, 3.65370601e-01
 5.99850244e+00, 3.56996085e+00, 6.88397674e+00, 2.09719097e+00, 2.05770233e-01
 7.90021787e+00, 4.19514684e+00, 4.41149979e+00, 4.37174968e+00, 5.34796762e-02
 5.15347981e+00, 4.01706097e+00, 3.42760357e+00, 2.76648970e+00, 2.14941115e-01
 5.76001473e+00, 3.50627618e+00, 5.29280164e+00, 4.56105714e+00, 3.63823788e-01
 6.18050929e+00, 4.11059608e+00, 3.14590440e+00, 4.88330058e+00, 8.79472763e-01
 6.54889086e+00, 3.78277867e+00, 5.01730529e+00, 4.76055784e+00, 7.35370786e-01
 5.60001458e+00, 4.46846921e+00, 4.67401560e+00, 2.97536222e+00, 5.57492322e-01
 5.46841084e+00, 4.97014325e+00, 6.19162378e+00, 2.41224394e+00, 5.98594157e-01
 6.72740091e+00, 4.18799893e+00, 6.45524237e+00, 2.15008823e+00, 3.41089692e-01
 7.26217964e+00, 2.50506976e+00, 4.76081379e+00, 2.43337819e+00, 6.07186197e-01
 7.21598486e+00, 3.44238702e+00, 3.52919963e+00, 4.42298728e+00, 3.27571731e-01
 5.37834434e+00, 3.08645509e+00, 5.44039076e+00, 3.53071753e+00, 3.01536794e-01
 5.39105396e+00, 4.05271456e+00, 3.63652631e+00, 4.29922050e+00, 2.81505156e-01
 7.12660384e+00, 2.21091556e+00, 6.84499455e+00, 4.10332690e+00, 6.26041794e-01
 7.90457516e+00, 2.91158506e+00, 4.09293892e+00, 4.89376460e+00, 8.68746574e-01
 6.58014420e+00, 3.79545124e+00, 6.52808738e+00, 3.65210913e+00, 9.60802224e-02
 6.99656554e+00, 4.42609835e+00, 5.81539906e+00, 4.89782249e+00, 8.52454027e-02
 6.80266195e+00, 2.01392194e+00, 5.26983901e+00, 2.74449291e+00, 2.71420187e-01
 6.46222217e+00, 2.51652124e+00, 5.89187480e+00, 4.63501456e+00, 1.12253462e-01
 7.62598410e+00, 2.96966998e+00, 3.66430133e+00, 2.18113884e+00, 8.05332660e-01
 5.02928591e+00, 3.90969173e+00, 3.24330540e+00, 3.25419376e+00, 7.32351591e-01
 7.59894031e+00, 2.41777480e+00, 4.95469074e+00, 2.52341455e+00, 4.32137244e-01
 7.29656030e+00, 3.79201044e+00, 4.61458559e+00, 4.06821827e+00, 1.84157996e-01
 5.79459361e+00, 3.10734878e+00, 5.82502680e+00, 4.12261176e+00, 8.93589068e-01
 6.57430167e+00, 2.88488707e+00, 3.15728145e+00, 2.65861983e+00, 1.97721240e-01
 6.09959665e+00, 3.96017092e+00, 5.76524139e+00, 2.23822605e+00, 5.41213103e-01
 6.64535700e+00, 2.95768984e+00, 6.94264716e+00, 4.54740099e+00, 4.89372359e-01
 6.84996964e+00, 2.56973613e+00, 4.99472315e+00, 2.76971700e+00, 6.30973676e-01
 6.89701685e+00, 3.92485514e+00, 3.21215504e+00, 2.05779174e+00, 3.08681554e-01
 7.11276355e+00, 3.31124123e+00, 5.25756894e+00, 2.17694807e+00, 6.93044339e-01
 5.39708669e+00, 3.27251323e+00, 3.34893173e+00, 2.77582722e+00, 3.44622652e-01
 7.81043602e+00, 4.66384217e+00, 5.54433728e+00, 2.85037991e+00, 9.22812191e-01
 6.49442363e+00, 3.27716144e+00, 3.62788614e+00, 2.32371932e+00, 5.70549066e-01
 6.99263239e+00, 2.60398329e+00, 3.98734487e+00, 4.23795168e+00, 3.17092057e-01
 5.74321938e+00, 3.49362770e+00, 6.96066098e+00, 3.55922468e+00, 6.39097090e-01
 6.30657188e+00, 3.19125934e+00, 4.89358227e+00, 2.12379578e+00, 4.06495390e-01
 6.57053955e+00, 2.06453683e+00, 6.71849869e+00, 4.46175096e+00, 6.18957080e-01
 5.38636302e+00, 2.14758773e+00, 3.02044403e+00, 3.95365792e+00, 1.86288333e-01
 5.89855953e+00, 2.98388623e+00, 3.68738320e+00, 2.83530417e+00, 6.60424270e-01
 6.81042374e+00, 2.01704268e+00, 6.36165091e+00, 4.09814536e+00, 5.69412361e-02
 6.11664817e+00, 4.81345280e+00, 3.31073549e+00, 4.49327289e+00, 2.96000469e-01
 6.00529138e+00, 2.98591338e+00, 6.66821544e+00, 4.39390917e+00, 2.24900337e-01
 5.55557285e+00, 2.27317483e+00, 6.41208295e+00, 2.72646876e+00, 5.12441002e-01
 6.11447853e+00, 2.63333660e+00, 5.65315859e+00, 4.03822069e+00, 9.46170457e-01
 6.70300424e+00, 4.10264961e+00, 5.48140468e+00, 2.59530851e+00, 4.06313927e-01
 5.02483255e+00, 2.16210891e+00, 5.75358088e+00, 2.45666986e+00, 9.37576855e-02
 6.62052496e+00, 3.43900382e+00, 4.10421362e+00, 3.33284585e+00, 4.33286825e-01
 7.37186208e+00, 2.36797020e+00, 5.69497249e+00, 2.90223395e+00, 1.95205676e-01
 6.84753913e+00, 4.18134030e+00, 4.95184619e+00, 2.61742571e+00, 3.31787877e-01
 6.99137604e+00, 4.58026489e+00, 3.14925969e+00, 3.85944913e+00, 4.97330939e-01
 5.92077754e+00, 3.87586372e+00, 4.23042562e+00, 4.11184276e+00, 3.90588658e-01
 5.19694379e+00, 2.18291836e+00, 3.95877524e+00, 2.26336666e+00, 5.08253100e-01
 7.80533660e+00, 4.69894920e+00, 3.26681281e+00, 3.55344766e+00, 5.55082905e-01
 5.20826483e+00, 3.38763136e+00, 4.55448956e+00, 2.66966475e+00, 7.01084777e-01
 5.63983824e+00, 4.57625901e+00, 3.14258907e+00, 2.50392355e+00, 5.23689509e-01
 5.89538881e+00, 2.79453136e+00, 4.24427039e+00, 3.03737037e+00, 5.79615879e-01
 7.68176538e+00, 4.95793876e+00, 4.88832943e+00, 2.08870906e+00, 2.54306782e-01
 6.79215729e+00, 2.71403189e+00, 6.03661103e+00, 2.91037873e+00, 4.51409378e-01
 5.01247332e+00, 4.21819957e+00, 4.71886354e+00, 4.19734356e+00, 3.69776344e-01
 6.13500487e+00, 2.24799685e+00, 3.01114418e+00, 2.00590987e+00, 3.38801848e-01
 5.08787433e+00, 3.74052331e+00, 3.69868625e+00, 3.80275795e+00, 8.98679952e-01
 5.87785136e+00, 4.36334228e+00, 4.86858433e+00, 4.54587353e+00, 1.49743420e-01
 6.45256315e+00, 2.83143492e+00, 4.33730426e+00, 3.17418156e+00, 6.90467050e-01
 5.14700153e+00, 3.70207760e+00, 6.52719602e+00, 2.01536072e+00, 8.86032562e-01
 5.80492194e+00, 3.02531583e+00, 4.40454690e+00, 3.42689314e+00, 4.47117835e-01
 5.13390427e+00, 2.54637179e+00, 5.84029565e+00, 3.23711390e+00, 4.80197816e-01
 6.71191302e+00, 4.67511269e+00, 3.83844931e+00, 4.09555003e+00, 7.87209398e-01
 7.53878703e+00, 2.09858186e+00, 6.59636892e+00, 3.79815030e+00, 1.69031282e-01
 5.40344293e+00, 2.05637866e+00, 6.36914634e+00, 3.97551163e+00, 5.52231386e-01
 6.81921916e+00, 2.26812431e+00, 4.94605774e+00, 4.75273883e+00, 6.40966289e-01
 6.82839800e+00, 4.13826318e+00, 6.20581988e+00, 4.28674957e+00, 1.79202537e-01
 6.13763315e+00, 3.17442630e+00, 4.37124226e+00, 2.13579372e+00, 8.55639425e-01
 5.21187638e+00, 4.97454400e+00, 4.03727168e+00, 2.81928540e+00, 5.81072068e-01
 5.06205127e+00, 2.59304297e+00, 6.09851071e+00, 3.94088463e+00, 7.64294038e-01
 5.16336893e+00, 4.58664667e+00, 4.56418634e+00, 3.80696621e+00, 4.28617637e-01
 7.96234841e+00, 2.73051414e+00, 4.16462556e+00, 2.92788131e+00, 4.26778297e-01
 7.32695911e+00, 4.09780270e+00, 6.79267921e+00, 2.10662189e+00, 7.81136578e-01
 7.63313237e+00, 4.93224467e+00, 6.09472836e+00, 3.72415649e+00, 7.45632004e-01
 5.85300659e+00, 4.56706714e+00, 6.54704653e+00, 4.32950742e+00, 5.20724342e-01
 7.41378383e+00, 2.04820818e+00, 5.91192129e+00, 2.29248992e+00, 5.10536200e-01
 7.15863699e+00, 3.17802831e+00, 4.46395369e+00, 3.26786626e+00, 1.51667939e-01
 7.82623172e+00, 4.88505099e+00, 5.08619974e+00, 2.71468248e+00, 1.69943757e-01
 5.77242390e+00, 3.07587596e+00, 4.97482785e+00, 4.78684343e+00, 2.37585644e-01
 5.79954953e+00, 3.24675686e+00, 6.35388932e+00, 2.93408038e+00, 7.95969094e-01
 5.82614860e+00, 4.52880586e+00, 3.52423831e+00, 4.45585781e+00, 7.64618719e-01
 6.19269349e+00, 3.33503355e+00, 3.23887264e+00, 2.97867063e+00, 4.22697342e-01
 7.30931964e+00, 4.87321445e+00, 6.76343315e+00, 2.31576866e+00, 2.00918354e-01
 6.00002864e+00, 2.93186851e+00, 5.95944831e+00, 3.77934940e+00, 7.59051203e-01
 7.75322773e+00, 2.67080968e+00, 6.25858297e+00, 3.15702202e+00, 7.31286091e-01
 7.78148785e+00, 3.32192558e+00, 5.10360159e+00, 2.00995320e+00, 7.93021298e-01
 6.87048887e+00, 2.78469351e+00, 5.06637795e+00, 4.26207698e+00, 6.39762457e-01
 6.98297827e+00, 3.63893055e+00, 5.17698820e+00, 3.75677961e+00, 9.37083423e-01
 7.55596542e+00, 4.71108742e+00, 3.54025612e+00, 4.49169368e+00, 4.41644988e-01
 5.22338548e+00, 3.85706073e+00, 4.70426132e+00, 2.58482065e+00, 6.67661248e-01
 6.75268313e+00, 3.14577806e+00, 5.49486873e+00, 4.95107229e+00, 8.84671324e-01
 6.08279274e+00, 4.69604792e+00, 6.80756902e+00, 2.49388121e+00, 1.64829290e-01
 7.14192062e+00, 3.69653150e+00, 3.94474784e+00, 3.65877142e+00, 7.29156693e-01
 5.49729378e+00, 2.99058754e+00, 4.54573710e+00, 4.56904976e+00, 5.31044547e-01
 5.61391967e+00, 4.64665678e+00, 4.46868467e+00, 2.83779467e+00, 7.17592290e-01
 6.05086347e+00, 3.53822282e+00, 5.57613274e+00, 4.35667937e+00, 1.48992350e-01
 7.91586398e+00, 2.52280284e+00, 3.05560659e+00, 3.91973019e+00, 2.31003348e-01
 6.13194222e+00, 2.49085320e+00, 3.50791408e+00, 2.66811104e+00, 4.50076516e-01
 6.96651851e+00, 2.30116985e+00, 5.13312638e+00, 3.15417456e+00, 4.09692419e-01
 7.88641710e+00, 4.14469772e+00, 4.48445990e+00, 2.40474092e+00, 3.42874925e-01
 5.75107696e+00, 2.68023731e+00, 6.46590425e+00, 3.34845820e+00, 7.18646446e-01
 7.03851813e+00, 3.71368647e+00, 5.51915089e+00, 2.34457183e+00, 2.08661564e-01
 5.36880141e+00, 3.42652621e+00, 5.30665733e+00, 3.94842384e+00, 3.21762960e-01
 6.08623372e+00, 4.15751765e+00, 4.43509309e+00, 2.32800002e+00, 1.01246201e-01
 5.00287337e+00, 3.99485341e+00, 3.86569924e+00, 2.28955089e+00, 1.16727730e-01
 5.87925844e+00, 3.04016510e+00, 4.41509879e+00, 3.85260352e+00, 8.13285222e-01
 6.36806769e+00, 2.42016807e+00, 3.41262860e+00, 3.70206183e+00, 1.09223622e-01
 7.91792562e+00, 3.41198555e+00, 6.57244696e+00, 4.93163520e+00, 6.72325465e-01
 7.93548926e+00, 3.63553190e+00, 5.28327702e+00, 2.29535627e+00, 8.43946673e-01
 5.81340979e+00, 2.52780620e+00, 5.91782179e+00, 2.16804321e+00, 3.90124477e-01
 5.94078864e+00, 2.73894342e+00, 6.95341052e+00, 2.64570053e+00, 2.07084882e-01
 7.52869289e+00, 3.71780076e+00, 6.50472064e+00, 4.17759029e+00, 4.13888555e-01
 6.63787296e+00, 3.00588166e+00, 5.71157410e+00, 4.73162137e+00, 3.59225212e-01
 7.57695699e+00, 4.30775513e+00, 5.40225118e+00, 3.01715829e+00, 5.32686569e-01
 5.51849800e+00, 4.51136153e+00, 4.02202068e+00, 3.68257471e+00, 8.34853896e-01
 6.75122661e+00, 4.65639772e+00, 5.13139589e+00, 2.15984779e+00, 4.75351653e-01
 5.25959835e+00, 3.16844981e+00, 5.55074866e+00, 2.89297812e+00, 4.84477729e-01
 5.31909697e+00, 3.06337825e+00, 6.47249301e+00, 3.49509903e+00, 9.19113106e-01
 7.28208312e+00, 2.48514133e+00, 6.82770999e+00, 4.22054108e+00, 3.99595200e-01
 6.38791406e+00, 2.13322932e+00, 5.92819073e+00, 3.10035295e+00, 1.78107211e-01
 5.62821485e+00, 3.36550536e+00, 3.01519715e+00, 2.71113833e+00, 9.40513751e-01
 5.99206529e+00, 4.19851670e+00, 3.99517621e+00, 2.69642566e+00, 5.01108714e-01
 5.56617174e+00, 4.88267059e+00, 4.00259884e+00, 4.80680479e+00, 7.56699821e-02
 6.20936007e+00, 2.91936168e+00, 4.07022345e+00, 3.12013638e+00, 3.30131949e-01
 7.86635531e+00, 3.81821365e+00, 4.42607990e+00, 2.51580133e+00, 3.13256446e-01
 7.93806832e+00, 2.92872772e+00, 6.06085652e+00, 2.86326679e+00, 7.73259239e-01
 6.61648223e+00, 4.63394179e+00, 5.74533087e+00, 4.07953508e+00, 8.04543737e-01
 5.75711269e+00, 3.53371874e+00, 5.63072300e+00, 4.77927580e+00, 6.15581013e-01
 7.50122640e+00, 2.18719493e+00, 5.91297261e+00, 2.16358543e+00, 2.90066193e-01
 5.69922156e+00, 4.71248356e+00, 6.15616406e+00, 4.44095319e+00, 4.84890519e-01
 7.43255043e+00, 4.18686690e+00, 6.51019943e+00, 3.63530157e+00, 7.38402755e-01
 7.61345523e+00, 3.19519226e+00, 6.88699004e+00, 2.74904328e+00, 2.96961558e-01
 5.52159035e+00, 4.57841746e+00, 6.28142736e+00, 3.73058156e+00, 2.29331834e-01
 5.69525125e+00, 4.39234452e+00, 5.76982020e+00, 4.58787208e+00, 2.64217493e-01
 7.13598032e+00, 2.17834090e+00, 3.33878875e+00, 2.14621603e+00, 9.31863035e-02
 6.76385600e+00, 2.06058593e+00, 3.19472671e+00, 2.07857951e+00, 4.67566466e-01
 6.50347839e+00, 4.63691174e+00, 5.56456753e+00, 3.77148288e+00, 1.20458896e-01
 5.66056710e+00, 2.93690758e+00, 4.09725362e+00, 2.78262560e+00, 4.39412517e-01
 6.74469951e+00, 3.28662135e+00, 4.25141567e+00, 3.98378372e+00, 3.25481578e-01
 6.73703618e+00, 3.75870609e+00, 3.73443183e+00, 3.05236592e+00, 1.65264475e-01
 5.86746438e+00, 2.85472050e+00, 6.58956901e+00, 2.02868644e+00, 3.15786919e-01
 6.40462942e+00, 4.01242465e+00, 4.91447951e+00, 3.32373504e+00, 2.45282241e-01
 5.24740011e+00, 4.23592134e+00, 5.63839006e+00, 4.68941158e+00, 1.37460314e-01
 7.48796429e+00, 4.37472332e+00, 3.53694888e+00, 4.61372615e+00, 4.90730012e-01
 6.65588096e+00, 4.67092645e+00, 6.22234258e+00, 2.61025137e+00, 5.44276585e-01
 7.54323518e+00, 4.59399184e+00, 4.75744946e+00, 3.39161241e+00, 9.17505859e-01
 7.35226512e+00, 4.62051288e+00, 6.52068548e+00, 4.96574465e+00, 3.74388786e-01
 7.79077420e+00, 2.34890890e+00, 6.57717293e+00, 4.95442719e+00, 8.89387341e-01
 6.33497352e+00, 2.69540498e+00, 5.34802321e+00, 2.93785010e+00, 1.25083248e-01
 6.86663457e+00, 3.92037726e+00, 5.43844289e+00, 4.01787163e+00, 8.54099741e-01
 6.91082550e+00, 3.77114458e+00, 6.26338814e+00, 2.92367434e+00, 6.82351854e-01
 5.76410548e+00, 2.29954927e+00, 6.30500887e+00, 3.74367484e+00, 8.28787373e-02
 6.67336298e+00, 2.88057472e+00, 6.83431877e+00, 2.92661007e+00, 4.45472915e-01
 6.34756030e+00, 3.21554219e+00, 6.08164654e+00, 2.98921876e+00, 6.61176765e-01
 7.34969943e+00, 3.60031763e+00, 3.38604651e+00, 2.78957411e+00, 3.93702704e-01
 6.72924778e+00, 2.21858592e+00, 6.21547134e+00, 2.63476115e+00, 7.40971019e-01
 5.61942424e+00, 3.80432143e+00, 3.64883276e+00, 3.97227399e+00, 3.78686793e-01
 5.15711237e+00, 3.15063462e+00, 6.03122918e+00, 2.38603115e+00, 1.52267321e-01
 6.51077574e+00, 4.55560037e+00, 4.31864538e+00, 2.75691715e+00, 4.91292253e-01
 7.50631894e+00, 3.23795282e+00, 5.70745916e+00, 4.84676591e+00, 4.94568789e-01
 6.97727180e+00, 2.46577366e+00, 4.14432110e+00, 3.24694834e+00, 3.06171877e-01
 7.85325278e+00, 4.23034282e+00, 3.13832621e+00, 4.62540183e+00, 3.47261154e-01
 5.59233253e+00, 4.02058022e+00, 5.68835960e+00, 4.24147266e+00, 6.31757672e-01
 6.37764638e+00, 4.09453438e+00, 6.18591974e+00, 2.77116152e+00, 6.69545023e-01
 6.38021238e+00, 2.92383934e+00, 5.84640115e+00, 4.93070841e+00, 7.00635368e-01
 5.78844692e+00, 2.44451826e+00, 6.10767377e+00, 2.63654388e+00, 7.14467359e-01
 6.06227202e+00, 4.12232815e+00, 5.81067354e+00, 2.28068791e+00, 2.56565900e-01
 5.45002951e+00, 3.08929854e+00, 3.49423917e+00, 2.49621931e+00, 2.47602843e-01
 7.08099485e+00, 4.21382493e+00, 3.26385463e+00, 4.68054409e+00, 4.63678647e-01
 5.32106968e+00, 3.33492897e+00, 5.05208123e+00, 2.49034487e+00, 3.88200789e-01
 5.23763097e+00, 3.88234433e+00, 4.89937503e+00, 2.91274114e+00, 9.17644518e-01
 7.98316450e+00, 3.95186546e+00, 4.59680290e+00, 4.94332841e+00, 5.25527749e-01
 7.97167146e+00, 3.28088264e+00, 3.72606769e+00, 3.20553984e+00, 6.35889886e-01
 7.22853948e+00, 4.12967431e+00, 5.14644909e+00, 2.13809889e+00, 2.84465818e-01
 7.76806641e+00, 4.31862237e+00, 4.99640640e+00, 4.41243254e+00, 1.74438617e-01
 7.66949025e+00, 2.36966345e+00, 4.81718650e+00, 3.07995369e+00, 8.91890150e-01
 7.34509685e+00, 3.51268951e+00, 6.92637016e+00, 3.96523149e+00, 6.10181115e-01
 5.11638846e+00, 3.68329560e+00, 5.07357851e+00, 4.64173182e+00, 3.48883304e-01
 5.22001054e+00, 2.65271671e+00, 4.50677296e+00, 3.72184405e+00, 6.66538820e-01
 5.48602812e+00, 2.12170617e+00, 4.56811437e+00, 4.38148586e+00, 5.78092719e-01
 7.48679112e+00, 3.17909897e+00, 4.64838176e+00, 3.81963629e+00, 2.28266343e-01
 5.47686600e+00, 4.98588780e+00, 5.05665742e+00, 3.66589244e+00, 3.42003875e-01
 6.59793647e+00, 2.25235715e+00, 6.82249508e+00, 2.19281802e+00, 8.47597586e-01
 7.19485417e+00, 4.53997245e+00, 6.34511975e+00, 3.52028313e+00, 5.93113853e-01
 5.54061352e+00, 2.85806103e+00, 5.21285095e+00, 3.37482483e+00, 3.73832790e-01
 7.21989760e+00, 3.28990428e+00, 6.78387405e+00, 2.42345836e+00, 2.58008376e-01
 5.11309536e+00, 3.11061938e+00, 5.48485059e+00, 3.44985305e+00, 8.23892719e-01
 6.53901108e+00, 4.20752896e+00, 5.78089012e+00, 4.04030864e+00, 2.65101062e-01
 5.09661078e+00, 4.40585051e+00, 5.14300777e+00, 4.94027899e+00, 5.13117893e-01
 6.43356162e+00, 2.10258305e+00, 5.73536698e+00, 3.37905424e+00, 9.29842539e-01
 5.86085696e+00, 4.73534192e+00, 3.29334377e+00, 3.26934149e+00, 1.85124164e-01
 7.74086201e+00, 4.35917106e+00, 6.68701428e+00, 3.80423878e+00, 7.80524347e-01
 7.22134622e+00, 2.41160455e+00, 3.65333496e+00, 3.86525881e+00, 2.94584618e-01
 5.47330856e+00, 3.82658052e+00, 6.39054462e+00, 4.98231322e+00, 6.67247495e-02
 7.98965706e+00, 3.04332986e+00, 5.66774690e+00, 2.42077647e+00, 5.35307166e-01
 6.16590588e+00, 3.34173716e+00, 6.78499754e+00, 4.84909800e+00, 5.89927746e-01
 5.65600057e+00, 4.02851256e+00, 6.64929233e+00, 3.26484465e+00, 3.60088226e-01
 7.15109830e+00, 3.67550990e+00, 4.22778264e+00, 3.26091133e+00, 2.78336125e-01
 6.53017384e+00, 3.20512248e+00, 6.22542274e+00, 2.87349355e+00, 2.12565270e-01
 5.20624771e+00, 3.48365945e+00, 5.68658369e+00, 4.99769914e+00, 6.48021618e-01
 6.01096447e+00, 3.50088375e+00, 6.25361741e+00, 4.98658740e+00, 3.91912750e-01
 5.14240199e+00, 2.37466180e+00, 4.52102966e+00, 4.70562643e+00, 8.02803674e-01
 6.27307157e+00, 4.06067505e+00, 3.36105065e+00, 3.03150338e+00, 4.74701417e-01
 5.17926634e+00, 3.26024528e+00, 5.36435333e+00, 2.14752150e+00, 5.22791861e-01
 6.55902063e+00, 2.58523304e+00, 3.43234112e+00, 2.22972765e+00, 3.46789925e-01
 5.42854479e+00, 2.74973448e+00, 5.98621390e+00, 2.21555451e+00, 7.88558709e-02
 5.34248214e+00, 2.66712565e+00, 4.32449135e+00, 2.71745024e+00, 5.63309219e-01
 5.74707351e+00, 4.21622597e+00, 6.81184035e+00, 2.93903641e+00, 6.49647582e-01
 6.32900463e+00, 2.49328937e+00, 6.05310968e+00, 3.63486674e+00, 1.71597154e-01
 5.25029966e+00, 4.59667428e+00, 5.09859161e+00, 3.96878545e+00, 6.24232303e-01
 5.42002752e+00, 4.41029575e+00, 4.70260876e+00, 2.15825812e+00, 6.45462168e-01
 7.83354972e+00, 3.65426615e+00, 6.90632532e+00, 2.35852515e+00, 7.65999044e-01
 5.56240051e+00, 2.68818594e+00, 6.37404540e+00, 4.85472235e+00, 5.95476071e-01
 7.75598179e+00, 4.32943898e+00, 6.71081284e+00, 4.21661009e+00, 5.50880317e-01
 6.17849637e+00, 2.91447345e+00, 4.29822986e+00, 3.78253759e+00, 9.00666727e-02
 6.18990368e+00, 3.45033994e+00, 6.25161333e+00, 4.27078096e+00, 8.19388035e-01
 6.98346101e+00, 2.72634685e+00, 4.49491657e+00, 4.70269970e+00, 8.71041231e-01
 6.54391310e+00, 4.90378434e+00, 5.96711074e+00, 4.84140342e+00, 1.66547002e-01
 5.04992809e+00, 4.43251564e+00, 5.87419925e+00, 3.90835714e+00, 8.67787153e-01
 7.33404029e+00, 4.10521121e+00, 6.31435623e+00, 4.87329981e+00, 7.48010747e-01
 6.31854883e+00, 3.76994866e+00, 3.93032978e+00, 4.01594659e+00, 8.11796142e-01
 6.48545640e+00, 4.62948994e+00, 6.81738359e+00, 2.72172161e+00, 2.66764989e-01
 6.86498848e+00, 2.27724152e+00, 4.69015435e+00, 3.61568080e+00, 3.61992243e-01
 6.98819960e+00, 4.49061354e+00, 5.58891833e+00, 4.04766924e+00, 3.02138484e-01
 7.43427826e+00, 3.10563958e+00, 4.92353401e+00, 4.00503783e+00, 9.23173659e-01
 6.88049304e+00, 2.47856416e+00, 6.33184361e+00, 2.35070408e+00, 8.77741857e-01
 5.92771102e+00, 4.40049488e+00, 6.45055147e+00, 4.67827038e+00, 9.06226856e-01
 5.73728947e+00, 2.97224213e+00, 4.66501311e+00, 4.57923682e+00, 8.10333089e-01
 7.09533493e+00, 2.24354032e+00, 5.30861922e+00, 3.20972877e+00, 7.39035888e-01
 7.38073620e+00, 3.78758868e+00, 6.63918577e+00, 2.23367650e+00, 6.26607255e-02
 6.42462859e+00, 4.34867292e+00, 3.90660451e+00, 3.71011085e+00, 9.08414676e-01
 5.77647502e+00, 4.17154190e+00, 6.07713075e+00, 2.90738880e+00, 3.83157253e-01
 6.34618453e+00, 4.31450582e+00, 4.24107289e+00, 2.63166047e+00, 6.77275341e-01
 7.56616030e+00, 3.78117256e+00, 6.93583908e+00, 2.78513168e+00, 1.61517016e-01
 5.96225654e+00, 3.95561637e+00, 6.61024613e+00, 2.24452205e+00, 8.07032376e-01
 5.43436903e+00, 4.06487078e+00, 6.46278686e+00, 2.58053273e+00, 9.15922599e-01
 7.10834862e+00, 4.82345243e+00, 6.65257595e+00, 3.00402025e+00, 3.23766620e-01
 6.74797335e+00, 3.90332353e+00, 6.84917895e+00, 4.80043313e+00, 3.75758933e-01
 7.74592198e+00, 2.70055263e+00, 3.78164446e+00, 2.70209526e+00, 4.20307953e-01
 5.33268792e+00, 3.64515853e+00, 5.62402432e+00, 4.76629575e+00, 3.51402279e-01
 5.45368879e+00, 3.36117662e+00, 4.34194468e+00, 3.75094761e+00, 2.80302291e-01
 7.05576583e+00, 4.86320535e+00, 3.18702404e+00, 2.11219278e+00, 3.05198499e-01
 7.14430798e+00, 4.26773361e+00, 3.44530576e+00, 4.63182081e+00, 6.28302427e-01
 6.87488378e+00, 3.42410368e+00, 4.11878842e+00, 3.45361736e+00, 9.35913715e-01
 7.85759958e+00, 4.83173717e+00, 5.89288233e+00, 2.64832090e+00, 7.71283613e-01
 7.53575133e+00, 3.12432462e+00, 4.17192437e+00, 4.59939212e+00, 4.98775106e-01
 5.67601252e+00, 4.89603473e+00, 5.57176073e+00, 3.48259279e+00, 6.05779359e-01
 6.36320641e+00, 4.28379882e+00, 4.88160488e+00, 4.30192656e+00, 5.04314719e-01
 7.20703130e+00, 4.45216567e+00, 4.65814944e+00, 4.16803517e+00, 2.77402670e-01
 7.96994742e+00, 4.03409398e+00, 4.18189226e+00, 3.01113940e+00, 5.49254638e-01
 5.09532255e+00, 2.70384944e+00, 5.49065700e+00, 3.31190044e+00, 5.82030020e-01
 7.95105488e+00, 3.69368296e+00, 3.60893657e+00, 2.73889631e+00, 8.08525495e-01
 5.58687762e+00, 3.39876877e+00, 3.38279490e+00, 2.20536452e+00, 7.20158793e-01
 5.72874655e+00, 3.75370438e+00, 5.18328507e+00, 3.72606168e+00, 7.96971855e-01
 5.04492135e+00, 2.75351200e+00, 4.08422692e+00, 4.34157162e+00, 5.03382227e-01
 7.44534968e+00, 3.66120964e+00, 5.29136102e+00, 2.87190130e+00, 7.25865938e-01
 6.53596052e+00, 3.65255535e+00, 5.79415929e+00, 2.64286860e+00, 1.82841848e-01
 5.71839117e+00, 2.09570247e+00, 6.46803334e+00, 2.08257550e+00, 8.33115682e-01
 6.22831204e+00, 2.63151301e+00, 4.54266702e+00, 3.11207052e+00, 9.21946192e-01
 7.47463989e+00, 4.37603045e+00, 4.17466001e+00, 3.41582999e+00, 4.12531350e-01
 6.26381474e+00, 2.70690062e+00, 5.43226828e+00, 3.87392646e+00, 7.11166278e-01
 6.83369324e+00, 2.10728024e+00, 5.61315618e+00, 2.32425216e+00, 5.30294184e-01
 5.84351889e+00, 4.74977286e+00, 4.77214400e+00, 2.66580258e+00, 7.55669780e-01
 7.51642056e+00, 2.72425271e+00, 5.42166113e+00, 4.82829561e+00, 5.87094711e-01
 7.70584166e+00, 3.30652873e+00, 6.05800565e+00, 2.21162019e+00, 5.66628333e-01
 6.28336892e+00, 3.38445008e+00, 4.06340825e+00, 3.82259774e+00, 8.29993808e-01
 5.06783603e+00, 3.07249279e+00, 6.66401375e+00, 2.88579129e+00, 3.32830331e-01
 6.35614560e+00, 2.14463948e+00, 6.61892188e+00, 2.55288653e+00, 8.62696388e-01
 7.69924968e+00, 2.15924037e+00, 6.51854516e+00, 4.20968356e+00, 2.60346037e-01
 5.66797351e+00, 3.34766939e+00, 4.96988941e+00, 2.36536900e+00, 6.92454619e-01
 7.71201739e+00, 3.61399421e+00, 3.66091361e+00, 2.18872836e+00, 5.17852327e-02
 6.46727031e+00, 3.84699460e+00, 5.08044611e+00, 3.90235740e+00, 6.34341086e-01
 7.10503906e+00, 2.43611576e+00, 5.03010827e+00, 4.06562257e+00, 7.74575222e-02
 6.23832908e+00, 2.45034540e+00, 3.16559256e+00, 3.29073015e+00, 5.57775723e-01
 7.35697934e+00, 4.02266508e+00, 6.56748409e+00, 2.09958476e+00, 3.85244864e-01
 6.42728704e+00, 4.84699422e+00, 4.12680731e+00, 2.05286381e+00, 4.60702657e-01
 5.95770366e+00, 3.95881838e+00, 6.97202541e+00, 2.93288738e+00, 7.70885968e-01
 7.26626138e+00, 3.61881233e+00, 5.23081939e+00, 4.30413430e+00, 6.09767509e-01
 6.25874008e+00, 4.84846927e+00, 6.44480823e+00, 4.42663430e+00, 8.45540719e-01
 7.60640678e+00, 3.48142485e+00, 5.66969403e+00, 3.13017524e+00, 3.56323616e-01
 7.58295204e+00, 2.68177767e+00, 3.75787122e+00, 3.85563344e+00, 3.66080969e-01
 6.29564811e+00, 2.90352078e+00, 3.00662825e+00, 4.50698712e+00, 8.89894165e-01
 6.94471926e+00, 2.80135042e+00, 4.77059061e+00, 3.90072480e+00, 5.37070651e-01
 7.33084087e+00, 3.70995704e+00, 3.13595421e+00, 3.06356401e+00, 3.71312143e-01
 5.69039836e+00, 2.87251130e+00, 6.93846603e+00, 2.46892183e+00, 8.38879343e-01
 5.35389872e+00, 4.47725883e+00, 6.64395379e+00, 3.32658201e+00, 9.13290926e-01
 6.48893858e+00, 4.34173434e+00, 4.90346742e+00, 2.35293950e+00, 9.25824991e-01
 6.51378389e+00, 4.30240349e+00, 6.27672231e+00, 4.53752395e+00, 1.14941430e-01
 5.35705938e+00, 3.80844511e+00, 4.53097583e+00, 3.40045457e+00, 4.96879576e-01
 6.95261550e+00, 4.74577536e+00, 4.05666405e+00, 3.23365989e+00, 5.07318451e-01
 5.54769955e+00, 2.03428071e+00, 5.26183423e+00, 3.91530626e+00, 5.47333692e-01
 7.59504930e+00, 3.56051583e+00, 3.71910045e+00, 3.05364570e+00, 7.36091754e-01
 5.50835599e+00, 4.98423353e+00, 4.15987069e+00, 4.91695558e+00, 9.49262726e-01
 5.43688073e+00, 3.01713671e+00, 5.79816160e+00, 4.97930420e+00, 3.70493181e-01
 5.33807842e+00, 2.05746598e+00, 6.70034428e+00, 4.58212776e+00, 8.21529720e-01
 5.83696751e+00, 3.91175437e+00, 3.03628345e+00, 4.28902130e+00, 9.04646232e-01
 5.44923526e+00, 3.15907514e+00, 4.96421319e+00, 4.48872229e+00, 7.14066395e-01
 7.30681001e+00, 4.80693657e+00, 4.17662748e+00, 4.31800502e+00, 1.25707772e-01
 5.18616034e+00, 3.89609405e+00, 4.30402698e+00, 3.16258491e+00, 5.31533501e-01
 6.23928160e+00, 3.82272641e+00, 5.50855805e+00, 3.85065944e+00, 1.30366242e-01
 6.58889227e+00, 4.05189035e+00, 6.89911390e+00, 4.66154937e+00, 5.94179046e-01
 6.65990800e+00, 2.43225802e+00, 4.95982747e+00, 2.20827514e+00, 8.81581132e-01
 5.90141541e+00, 4.48290425e+00, 6.41040123e+00, 2.98288532e+00, 8.12051008e-02
 5.26100041e+00, 4.27086775e+00, 6.73999266e+00, 3.43459511e+00, 9.12267400e-01
 5.98985377e+00, 2.56120113e+00, 6.23902817e+00, 4.40497209e+00, 9.73967042e-02
 6.40143795e+00, 4.73239754e+00, 3.91209797e+00, 4.46838547e+00, 1.96798523e-01
 6.58583858e+00, 4.68559551e+00, 6.20246183e+00, 3.20239825e+00, 1.10321912e-01
 6.12780733e+00, 3.61698780e+00, 5.24825556e+00, 3.31781944e+00, 5.19693103e-01
 5.73322946e+00, 2.46208662e+00, 5.42484215e+00, 4.18456768e+00, 9.24476825e-01
 5.28986770e+00, 3.03384872e+00, 5.41909376e+00, 3.49900217e+00, 9.42529046e-01
 5.68379928e+00, 2.99884116e+00, 5.10866135e+00, 4.50383259e+00, 2.35325868e-01
 5.40736999e+00, 3.21086774e+00, 3.28791123e+00, 2.77869427e+00, 6.88654541e-01
 5.05907465e+00, 2.50089348e+00, 5.21189325e+00, 2.35558726e+00, 9.37683555e-01
 5.88674266e+00, 3.87135303e+00, 5.34338712e+00, 4.71121792e+00, 8.78835255e-01
 5.38760309e+00, 4.88768553e+00, 6.89335155e+00, 3.28343072e+00, 2.35836560e-01
 5.73839308e+00, 3.93787428e+00, 4.38512822e+00, 4.51394243e+00, 3.84286201e-01
 6.07245739e+00, 2.33344936e+00, 6.91553195e+00, 3.07420547e+00, 9.41746569e-01
 6.68435723e+00, 3.96910736e+00, 5.75913569e+00, 3.51096595e+00, 3.04635822e-01
 7.07010202e+00, 3.94898194e+00, 5.37024822e+00, 4.00142574e+00, 9.30765992e-01
 6.40942938e+00, 3.83395411e+00, 6.58431510e+00, 2.30598219e+00, 8.58970929e-01
 6.31189952e+00, 2.76651176e+00, 6.19743325e+00, 3.64817287e+00, 2.67681761e-01
 7.40369565e+00, 3.99771868e+00, 3.08992301e+00, 2.03692676e+00, 1.98837513e-01
 5.14406995e+00, 4.19972427e+00, 5.99620045e+00, 3.76246257e+00, 3.57534954e-01
 5.89306535e+00, 2.30793419e+00, 6.13775959e+00, 2.45103954e+00, 1.33458876e-01
 6.26799490e+00, 3.44825959e+00, 5.02236474e+00, 3.95936465e+00, 2.72924790e-01
 6.17220377e+00, 2.15097096e+00, 3.86817774e+00, 2.28519350e+00, 6.84757370e-01
 6.32542414e+00, 3.46162487e+00, 4.74991517e+00, 3.73464984e+00, 5.56160789e-01
 7.83890017e+00, 2.34439682e+00, 3.96449355e+00, 3.95833877e+00, 1.91923137e-01
 7.08448775e+00, 2.81469435e+00, 4.32864190e+00, 3.25946407e+00, 6.75681773e-01
 6.09199511e+00, 4.23950549e+00, 3.43918926e+00, 3.86937377e+00, 1.11231989e-01
 5.80299596e+00, 3.14739028e+00, 5.67214144e+00, 3.69923138e+00, 4.53433080e-01
 7.37673562e+00, 4.24336171e+00, 6.86627717e+00, 3.60698111e+00, 7.06743325e-01
