 7.72541894e+00, 2.26106383e+00, 6.25258069e-01
 6.10435099e+00, 2.87301672e+00, 6.61195544e-02
 5.87158356e+00, 2.66168360e+00, 2.21422485e-01
 7.58467489e+00, 4.10822599e+00, 3.87580094e-01
 7.96727553e+00, 4.96743421e+00, 1.17893177e-01
 7.60383095e+00, 4.60844319e+00, 3.47587597e-01
 6.36767887e+00, 3.02845379e+00, 1.47905041e-01
 6.16493328e+00, 3.65206089e+00, 6.61934887e-01
 5.18309142e+00, 3.14055635e+00, 3.81436716e-01
 7.48086940e+00, 3.88255486e+00, 4.29083311e-01
 5.12579947e+00, 2.27303880e+00, 5.41748831e-01
 7.82397092e+00, 4.59893595e+00, 7.11035445e-01
 7.07771324e+00, 3.91987404e+00, 4.55130447e-01
 7.05621674e+00, 3.35850991e+00, 2.63190395e-01
 5.16138744e+00, 4.33825513e+00, 3.44819875e-01
 7.37900293e+00, 3.89848840e+00, 6.79095396e-01
 5.16961118e+00, 4.74678191e+00, 9.38212161e-01
 5.95419114e+00, 3.52502980e+00, 6.94911139e-02
 5.90651962e+00, 2.31255922e+00, 7.17102591e-01
 5.98559402e+00, 4.95613535e+00, 9.36784091e-01
 5.51825327e+00, 4.34465619e+00, 8.75002751e-01
 7.62485741e+00, 4.31190456e+00, 8.21276062e-01
 7.77443080e+00, 2.30572881e+00, 9.27994400e-01
 7.42603253e+00, 2.06099545e+00, 5.19399897e-01
 6.29372821e+00, 2.81559701e+00, 3.48633869e-01
 7.42842178e+00, 3.49453105e+00, 8.75525634e-01
 5.51031918e+00, 4.80626636e+00, 8.85372607e-01
 7.58901726e+00, 2.49547448e+00, 7.14523267e-01
 5.73119652e+00, 3.64252193e+00, 3.89203214e-01
 6.82167928e+00, 2.42054344e+00, 4.02372982e-01
 7.11371294e+00, 4.65772906e+00, 4.07827025e-01
 5.41192484e+00, 3.51308034e+00, 1.11199841e-01
 6.01022612e+00, 3.23765346e+00, 6.11509861e-01
 6.51297305e+00, 4.78161954e+00, 3.87209501e-01
 6.08632156e+00, 2.51504931e+00, 2.61225479e-01
 7.96339678e+00, 2.60109522e+00, 2.29797442e-01
 7.64433790e+00, 4.49240931e+00, 6.85407925e-02
 5.16453274e+00, 3.21858344e+00, 1.38190893e-01
 6.50880675e+00, 2.42952581e+00, 4.09176685e-01
 6.66050955e+00, 2.78256608e+00, 5.68646524e-01
 5.49858314e+00, 4.86020787e+00, 5.98045985e-01
 6.00331588e+00, 2.61475562e+00, 8.39334683e-01
 6.10705464e+00, 4.58676816e+00, 2.68931869e-01
 6.42506391e+00, 2.13963279e+00, 6.71620132e-01
 7.34876667e+00, 3.35147765e+00, 1.85929357e-01
 7.10073183e+00, 4.77157939e+00, 4.15084113e-01
 5.15043384e+00, 3.35519496e+00, 4.00902147e-01
 6.78005415e+00, 2.31124988e+00, 5.79721640e-01
 7.73362470e+00, 3.45770761e+00, 3.38558612e-01
 7.06642350e+00, 3.93501074e+00, 6.29643227e-01
 6.80883239e+00, 2.11388468e+00, 1.41376785e-01
 6.87318725e+00, 2.70160272e+00, 7.35301111e-01
 6.96785480e+00, 3.45168937e+00, 3.83685730e-01
 6.79293232e+00, 2.40671519e+00, 8.19281343e-01
 7.13121608e+00, 4.68463751e+00, 1.21706754e-01
 5.03647546e+00, 2.20810008e+00, 2.93214612e-01
 6.52426670e+00, 3.60285291e+00, 2.26433741e-01
 7.21693655e+00, 2.25882945e+00, 1.88661968e-01
 5.89446633e+00, 2.12918609e+00, 8.46373470e-02
 5.82362194e+00, 4.03420147e+00, 5.83050855e-01
 7.22851300e+00, 3.17839840e+00, 7.25201328e-02
 5.85187293e+00, 3.20446562e+00, 5.84832657e-01
 6.43775492e+00, 3.81956781e+00, 4.54275050e-01
 7.25593193e+00, 2.35657843e+00, 2.74758769e-01
 5.14320413e+00, 2.08959435e+00, 4.10949469e-01
 7.76820342e+00, 2.73754432e+00, 8.49053339e-01
 6.78391698e+00, 4.12656493e+00, 7.98376250e-01
 5.10522168e+00, 3.74551968e+00, 7.42110611e-01
 7.84066912e+00, 4.92370818e+00, 2.94765890e-01
 6.56064122e+00, 2.58336706e+00, 2.13037998e-01
 7.26409700e+00, 4.10907462e+00, 2.77104166e-01
 6.09829768e+00, 3.71164877e+00, 2.91469961e-01
 5.95254769e+00, 3.69473193e+00, 8.81381447e-01
 5.81219806e+00, 2.29302188e+00, 6.86161434e-01
 6.67012064e+00, 3.48399328e+00, 4.04861464e-01
 7.36704714e+00, 3.68903112e+00, 4.70665042e-01
 7.66450307e+00, 3.82298270e+00, 8.01219395e-01
 7.81134228e+00, 2.91804670e+00, 2.61801760e-01
 5.28117538e+00, 4.14599112e+00, 8.73307495e-02
 6.60001603e+00, 3.56326201e+00, 1.39839129e-01
 7.43322319e+00, 2.75450115e+00, 7.18443397e-02
 6.47937412e+00, 2.82542348e+00, 2.86544627e-01
 5.09616649e+00, 2.99347232e+00, 9.27029609e-01
 6.35197351e+00, 2.77766035e+00, 7.19229758e-01
 6.30834444e+00, 2.16864267e+00, 2.05615927e-01
 7.98630092e+00, 4.83249692e+00, 4.78432247e-01
 6.85823374e+00, 2.46880128e+00, 8.96135968e-02
 6.87123928e+00, 4.58216207e+00, 4.69299760e-01
 7.15211046e+00, 2.12179979e+00, 3.34794045e-01
 6.79506100e+00, 4.56116600e+00, 1.06255898e-01
 7.66860516e+00, 2.03521244e+00, 6.59364184e-01
 7.40132388e+00, 3.13841675e+00, 9.16950190e-01
 5.23277728e+00, 2.51989367e+00, 7.71136781e-01
 7.80498341e+00, 2.64179008e+00, 4.58303238e-01
 7.18421751e+00, 3.31334361e+00, 9.40078293e-01
 7.78218309e+00, 4.56343102e+00, 2.27908495e-01
 7.16035484e+00, 4.34273783e+00, 3.91301867e-01
 5.76943972e+00, 3.58209215e+00, 6.75100478e-01
 5.47970653e+00, 3.16281528e+00, 3.65746758e-01
 5.93648183e+00, 2.62872915e+00, 1.51092554e-01
 5.10842278e+00, 4.96573336e+00, 9.49530434e-01
 5.28533305e+00, 4.82471405e+00, 2.85663391e-01
 5.69589407e+00, 3.51125751e+00, 8.57104123e-01
 6.78982690e+00, 2.96384456e+00, 8.10081096e-01
 7.41122727e+00, 3.79398989e+00, 2.40076475e-01
 7.08085947e+00, 4.66077590e+00, 8.49703568e-01
 6.76254711e+00, 3.37064882e+00, 6.55335530e-01
 5.80478946e+00, 2.86580286e+00, 1.62279955e-01
 6.21365308e+00, 2.72473409e+00, 7.19801349e-01
 7.52464986e+00, 3.82422462e+00, 6.24889040e-01
 7.78008849e+00, 3.47818098e+00, 5.01024303e-01
 5.27378877e+00, 4.69446136e+00, 4.06939490e-01
 6.16256262e+00, 3.04922902e+00, 5.61948747e-01
 5.82049104e+00, 4.23560503e+00, 1.88368504e-01
 5.25586600e+00, 3.41268762e+00, 7.86530535e-02
 7.12428152e+00, 4.18684710e+00, 5.13709204e-01
 5.77932999e+00, 4.56924516e+00, 1.66208821e-01
 7.65704846e+00, 3.96331519e+00, 2.95713384e-01
 6.11818948e+00, 2.04330652e+00, 6.82179197e-01
 7.08408180e+00, 3.32550906e+00, 3.79549440e-01
 7.49711324e+00, 4.53768535e+00, 7.11797836e-01
 6.09230747e+00, 3.77464229e+00, 4.47927674e-01
 5.32148008e+00, 2.15134381e+00, 3.58324589e-01
 7.38388994e+00, 2.07987386e+00, 8.29866793e-01
 6.73523869e+00, 4.66689689e+00, 4.61970374e-01
 5.94050178e+00, 3.87525363e+00, 8.93987530e-01
 5.11242814e+00, 4.80342549e+00, 8.12246897e-01
 6.29177378e+00, 4.56575846e+00, 1.31210756e-01
 5.07048931e+00, 4.78751714e+00, 5.47761750e-01
 7.75409159e+00, 3.15158655e+00, 9.42024944e-01
 5.52070644e+00, 2.76202011e+00, 3.61525310e-01
 6.41099553e+00, 2.88508463e+00, 6.65142319e-01
 6.83274651e+00, 2.79854449e+00, 9.24975044e-01
 5.43795213e+00, 4.35744077e+00, 1.29095817e-01
 5.55163070e+00, 3.26306070e+00, 6.93129780e-01
 6.67178718e+00, 3.62935295e+00, 9.31927478e-01
 5.59883423e+00, 3.30081421e+00, 4.31619058e-01
 7.88851347e+00, 3.06846780e+00, 5.77396622e-01
 6.67475611e+00, 4.98818254e+00, 4.99429859e-01
 6.56802438e+00, 2.55989994e+00, 6.50673808e-01
 6.80308201e+00, 3.91103709e+00, 3.66256507e-01
 6.01229282e+00, 3.85072503e+00, 5.39122676e-01
 5.81307382e+00, 4.74442943e+00, 8.25289616e-01
 6.84269520e+00, 3.07591875e+00, 8.18170253e-01
 5.67122611e+00, 3.72587185e+00, 7.18452341e-01
 6.33380288e+00, 2.57335339e+00, 2.98115935e-01
 6.43695769e+00, 4.36625999e+00, 1.09406638e-01
 5.22699082e+00, 4.62965449e+00, 5.76395330e-01
 6.95943523e+00, 4.95208077e+00, 8.44732790e-01
 6.28944674e+00, 2.73898810e+00, 6.07413121e-01
 5.41834649e+00, 3.10943933e+00, 8.86626052e-01
 7.85592340e+00, 4.22073417e+00, 8.66314830e-01
 6.07518083e+00, 2.01531878e+00, 9.23967581e-01
 7.88987653e+00, 4.50051912e+00, 1.46655621e-01
 5.59429758e+00, 2.91221288e+00, 1.07205536e-01
 7.54918807e+00, 3.00470438e+00, 5.96807376e-01
 6.88748223e+00, 3.53639959e+00, 4.93878196e-01
 6.86604952e+00, 4.97701281e+00, 2.11840329e-01
 6.69379737e+00, 3.89418951e+00, 4.14177606e-01
 6.32108166e+00, 4.36927617e+00, 3.84436979e-01
 5.21401467e+00, 2.69321520e+00, 9.34864066e-01
 6.64578983e+00, 3.77097697e+00, 9.08246738e-01
 7.18278530e+00, 3.50026030e+00, 4.38121976e-01
 6.66791312e+00, 3.25059350e+00, 5.72428037e-01
 6.06711548e+00, 2.86265455e+00, 3.77679555e-01
 7.50538797e+00, 4.40370262e+00, 3.90784472e-01
 5.13473856e+00, 4.89348306e+00, 9.11884789e-01
 5.33805695e+00, 3.18178516e+00, 2.41644533e-01
 6.63297701e+00, 4.32412595e+00, 8.86259742e-02
 7.31647662e+00, 3.44568343e+00, 9.16618232e-01
 7.35153514e+00, 3.52378887e+00, 6.28551871e-01
 6.09677829e+00, 2.60659182e+00, 2.01697537e-01
 6.45259809e+00, 2.45244618e+00, 3.49254122e-01
 5.45259756e+00, 2.34977391e+00, 5.73077610e-01
 6.83584917e+00, 3.40257960e+00, 8.15438871e-01
 6.60773862e+00, 2.98104284e+00, 6.54710368e-01
 5.54764232e+00, 4.93628516e+00, 5.81475608e-01
 7.11567069e+00, 4.42341653e+00, 9.05718199e-02
 5.41017653e+00, 4.62012160e+00, 5.45629264e-01
 7.56726914e+00, 4.29466432e+00, 2.76783248e-01
 7.97635612e+00, 3.43534571e+00, 6.88716484e-01
 5.87322804e+00, 3.54802184e+00, 7.82106826e-01
 7.29603575e+00, 3.64407866e+00, 5.55033516e-01
 7.54662977e+00, 2.86927549e+00, 6.47311490e-02
 5.78534545e+00, 4.89652268e+00, 3.19127498e-01
 7.41375370e+00, 4.57116619e+00, 5.30336722e-01
 7.71828954e+00, 4.23421974e+00, 8.01715033e-01
 7.23688971e+00, 4.24775655e+00, 6.39024505e-01
 5.19040431e+00, 4.69707064e+00, 3.40425219e-01
 7.25051427e+00, 4.01074869e+00, 5.82333764e-01
 7.55155596e+00, 2.59994691e+00, 3.16747680e-01
 6.03146672e+00, 4.08100297e+00, 4.73067405e-01
 7.51058007e+00, 4.17591745e+00, 1.03881590e-01
 5.14794824e+00, 2.18490552e+00, 1.43112078e-01
 7.38923329e+00, 2.19291496e+00, 6.92280589e-01
 7.80545119e+00, 3.14358913e+00, 2.07182264e-01
 5.57024030e+00, 4.18112186e+00, 3.28661736e-01
 5.61589368e+00, 2.10975897e+00, 6.23807923e-01
 6.23754501e+00, 2.43902487e+00, 3.06317821e-01
 5.35059888e+00, 2.81027642e+00, 5.74096099e-01
 5.82628468e+00, 4.13850880e+00, 8.59938193e-01
 5.69974969e+00, 2.91535356e+00, 8.08779934e-01
 7.02447233e+00, 2.76829335e+00, 1.01027725e-01
 6.25043657e+00, 3.65694650e+00, 9.41735392e-01
 5.87799655e+00, 4.97937428e+00, 6.57150162e-01
 7.79119464e+00, 3.38243755e+00, 6.76128809e-01
 6.70733526e+00, 3.43093021e+00, 5.56727670e-01
 6.18674172e+00, 3.72305388e+00, 1.43789009e-01
 6.39112440e+00, 4.32566016e+00, 6.74692322e-02
 7.39586748e+00, 3.24758383e+00, 6.84162578e-01
 7.83436516e+00, 4.82858860e+00, 3.32061402e-01
 7.22373004e+00, 2.21745228e+00, 8.04100360e-01
 7.33947560e+00, 3.55338851e+00, 1.77907391e-01
 5.77205455e+00, 3.29492147e+00, 8.69298976e-01
 5.25312008e+00, 2.35820552e+00, 8.31122515e-01
 6.37395651e+00, 3.49050463e+00, 2.60506121e-01
 5.65788903e+00, 2.99747515e+00, 3.29919892e-01
 7.49018661e+00, 2.51790523e+00, 5.43008484e-01
 5.33006547e+00, 3.15952343e+00, 5.33156138e-01
 5.52555366e+00, 3.87271031e+00, 7.22791412e-01
 5.49157984e+00, 3.08108161e+00, 2.94866391e-01
 6.71062461e+00, 4.91166031e+00, 7.99161342e-01
 5.04474124e+00, 4.79826129e+00, 1.11693711e-01
 7.64870175e+00, 2.80892415e+00, 3.76267413e-01
 5.47410630e+00, 2.38973805e+00, 7.80505895e-01
 7.40569960e+00, 4.68572776e+00, 4.82723690e-01
 6.72469052e+00, 2.37082240e+00, 2.86703570e-01
 6.22576657e+00, 3.30515274e+00, 4.82960524e-01
 6.50389996e+00, 4.00858362e+00, 2.79075570e-01
 7.20050118e+00, 2.24075585e+00, 2.37837538e-01
 6.67957443e+00, 4.13484443e+00, 8.39174832e-01
 7.15556584e+00, 4.92581364e+00, 2.47815600e-01
 7.40847405e+00, 2.09741399e+00, 6.93696163e-01
 6.10193919e+00, 3.39694634e+00, 8.93037564e-01
 5.75307899e+00, 3.14816271e+00, 1.05381134e-01
 6.19633067e+00, 2.44252212e+00, 6.12100538e-01
 6.85530753e+00, 2.50957206e+00, 3.69660706e-01
 5.14023626e+00, 3.67430809e+00, 5.56671986e-01
 6.52237357e+00, 2.88292714e+00, 8.61126246e-01
 6.01438806e+00, 4.70118262e+00, 6.61038049e-01
 5.54276785e+00, 4.88780292e+00, 7.61911962e-02
 7.31038895e+00, 2.71742974e+00, 2.50634377e-01
 5.38916971e+00, 2.50301583e+00, 8.47578494e-01
 6.49094588e+00, 2.17310228e+00, 5.03290443e-02
 5.17665653e+00, 3.93927511e+00, 4.34754281e-01
 6.34988656e+00, 4.19339592e+00, 6.16629842e-01
 5.03147175e+00, 3.16674125e+00, 2.14243609e-01
 5.16792842e+00, 3.76735320e+00, 1.19609207e-01
 7.32703679e+00, 4.46423561e+00, 2.84195805e-01
 7.78431352e+00, 3.09203385e+00, 1.79499788e-01
 5.95965199e+00, 3.32910405e+00, 4.95463808e-01
 5.22979971e+00, 2.53686264e+00, 2.66436505e-01
 7.51716864e+00, 2.14531626e+00, 3.95807144e-01
 5.45592182e+00, 4.45198808e+00, 7.54652485e-01
 7.68816346e+00, 3.53551881e+00, 9.53141348e-02
 5.33591978e+00, 4.60480386e+00, 8.99746339e-01
 5.44131613e+00, 3.74949760e+00, 3.90197141e-01
 5.70778004e+00, 4.33322532e+00, 5.05359570e-01
 7.87674659e+00, 2.07643361e+00, 5.91263380e-01
 7.56109690e+00, 2.52260368e+00, 4.56067038e-01
 6.06992971e+00, 2.26514295e+00, 9.29643847e-01
 5.53487612e+00, 3.61063429e+00, 6.02546397e-01
 7.23015072e+00, 4.61802400e+00, 5.63923545e-01
 7.44213536e+00, 3.04508446e+00, 5.14539953e-01
 5.93116631e+00, 4.64630701e+00, 7.00288858e-02
 6.29686728e+00, 4.17820333e+00, 1.59850121e-01
 7.61579872e+00, 4.37121129e+00, 5.79016459e-01
 5.78139176e+00, 4.26304123e+00, 5.71318448e-01
 6.63094941e+00, 2.09321189e+00, 7.61925391e-01
 7.12029679e+00, 4.43431785e+00, 7.34425279e-01
 6.05908770e+00, 3.09925120e+00, 1.76176483e-01
 7.68294682e+00, 3.72940035e+00, 3.08198355e-01
 6.64853547e+00, 4.65047505e+00, 3.04752021e-01
 6.44726274e+00, 2.89060833e+00, 6.00601160e-01
 6.85275742e+00, 4.09481340e+00, 2.12847690e-01
 7.67535375e+00, 4.04692528e+00, 7.76826838e-01
 6.98689702e+00, 4.21998439e+00, 7.07210826e-01
 6.43076286e+00, 2.79203206e+00, 6.48564756e-01
 5.07250528e+00, 3.17524050e+00, 8.98496345e-01
 6.48291881e+00, 3.50701382e+00, 1.30388843e-01
 6.25840009e+00, 3.48161088e+00, 8.21981373e-02
 5.94208368e+00, 4.41999377e+00, 7.37379008e-01
 6.17295794e+00, 3.02253258e+00, 7.70866733e-01
 5.79133697e+00, 4.89168475e+00, 3.45603269e-01
 6.88566498e+00, 2.16008095e+00, 4.53341793e-01
 7.68198204e+00, 3.47445021e+00, 1.32440995e-01
 7.74205206e+00, 2.62201026e+00, 6.87381046e-01
 7.24596769e+00, 3.87141491e+00, 5.60011898e-01
 6.57080686e+00, 4.19814947e+00, 5.93748626e-01
 6.79961958e+00, 4.71268713e+00, 5.02823805e-01
 5.94622993e+00, 4.90202660e+00, 2.73690343e-01
 7.43162167e+00, 2.24869206e+00, 7.00551050e-01
 7.45013536e+00, 2.06469584e+00, 9.30798457e-01
 7.37162316e+00, 3.70579203e+00, 3.37836194e-01
 6.34471281e+00, 2.02472156e+00, 7.02870625e-01
 5.88315293e+00, 4.94450152e+00, 5.81164847e-02
 7.92000817e+00, 3.08472798e+00, 4.65602550e-01
 5.25008439e+00, 2.89777235e+00, 5.26898607e-01
 6.19027465e+00, 4.85263329e+00, 6.80003357e-01
 5.70371006e+00, 3.36501696e+00, 3.17760976e-01
 7.27856915e+00, 2.28096376e+00, 2.00001425e-01
 6.07112702e+00, 3.62205845e+00, 3.14997090e-01
 6.81713528e+00, 2.44858751e+00, 3.43518981e-01
 7.08728821e+00, 3.27935804e+00, 4.75891105e-01
 7.05444404e+00, 3.59636325e+00, 6.34537624e-01
 6.68561306e+00, 3.31772405e+00, 2.45393647e-01
 6.58935120e+00, 3.03283946e+00, 4.91929537e-01
 6.25593588e+00, 2.84407167e+00, 1.12632014e-01
 6.73177254e+00, 2.04579926e+00, 5.75569595e-01
 6.09157942e+00, 3.18832181e+00, 5.02133510e-01
 7.28462295e+00, 3.59490056e+00, 6.20398054e-01
 5.27072068e+00, 4.35385808e+00, 8.58465396e-01
 7.71471881e+00, 4.13053196e+00, 8.71566072e-01
 6.24505310e+00, 3.28271965e+00, 8.87320762e-01
 5.34326744e+00, 3.43114587e+00, 5.52814238e-01
 7.89592152e+00, 2.42507178e+00, 4.81574410e-01
 7.03208595e+00, 2.36863345e+00, 1.01916894e-01
 6.19979231e+00, 3.94501115e+00, 7.13634546e-01
 7.59212216e+00, 4.85662771e+00, 9.31427811e-02
 7.89496104e+00, 2.71042001e+00, 3.50855562e-01
 6.72917930e+00, 3.78576193e+00, 8.06078375e-01
 7.20300156e+00, 2.09249416e+00, 6.26177528e-01
 5.65211205e+00, 4.15285794e+00, 7.20888355e-01
 5.05339810e+00, 2.64874706e+00, 1.70356707e-01
 6.65635410e+00, 4.48401783e+00, 1.34121588e-01
 7.53525254e+00, 3.38995195e+00, 4.75289824e-01
 7.17640321e+00, 3.63972757e+00, 9.48972141e-02
 6.32763066e+00, 2.28607950e+00, 3.27557499e-01
 5.86095127e+00, 4.18717341e+00, 4.18884366e-01
 6.86126269e+00, 2.23906991e+00, 1.25363257e-01
 5.58178087e+00, 4.94224762e+00, 6.32182580e-01
 5.96662894e+00, 4.12837116e+00, 4.36506452e-01
 7.04540762e+00, 2.24524113e+00, 7.57845990e-01
 6.81943283e+00, 2.12650560e+00, 4.44065836e-01
 6.26997512e+00, 2.53388401e+00, 4.01329321e-01
 7.37841950e+00, 2.40864091e+00, 5.88662277e-01
 5.06181717e+00, 3.54168831e+00, 8.02730213e-02
 6.01994338e+00, 4.99698571e+00, 9.47397840e-01
 5.20388966e+00, 3.70045084e+00, 7.10212702e-01
 5.49332275e+00, 2.00564501e+00, 3.68842342e-01
 5.08393318e+00, 4.17277821e+00, 6.09067206e-01
 5.10286600e+00, 4.78049244e+00, 7.09196998e-01
 7.54017531e+00, 4.06891423e+00, 1.54305998e-01
 5.82857626e+00, 4.97102096e+00, 2.81941191e-01
 6.28418874e+00, 2.67848624e+00, 3.60176266e-01
 5.71941577e+00, 2.58585898e+00, 4.60291688e-01
 7.59810721e+00, 2.63016036e+00, 8.13301460e-01
 7.94264953e+00, 2.82267155e+00, 2.75370425e-01
 5.62642173e+00, 4.43015652e+00, 1.62987780e-01
 6.47834671e+00, 3.48742299e+00, 8.78140885e-01
 5.29885407e+00, 2.22838191e+00, 7.65791723e-01
 7.32492480e+00, 2.42800584e+00, 2.35291113e-01
 6.53926747e+00, 2.92175624e+00, 6.22228182e-01
 7.33075301e+00, 4.61216451e+00, 6.20875232e-01
 7.55313365e+00, 3.05298690e+00, 5.35171571e-01
 5.36982536e+00, 2.05080757e+00, 8.32855528e-01
 5.64122058e+00, 2.72660145e+00, 8.89307272e-01
 6.42197763e+00, 4.54429718e+00, 1.86963606e-01
 5.50371876e+00, 2.11958886e+00, 7.52932082e-01
 6.69187983e+00, 4.39932374e+00, 1.90988871e-01
 7.84652056e+00, 3.95986405e+00, 9.21235025e-01
 6.77805100e+00, 2.36121153e+00, 7.38611584e-01
 7.72266448e+00, 2.67657329e+00, 3.20836796e-01
 7.90758915e+00, 3.62789147e+00, 7.47367992e-01
 5.73841048e+00, 3.57094199e+00, 7.29282530e-01
 7.37599778e+00, 4.97497926e+00, 6.62772130e-01
 7.87124702e+00, 3.80324268e+00, 1.77783986e-01
 6.93195719e+00, 2.52710875e+00, 5.94546954e-01
 6.35978690e+00, 2.45614176e+00, 6.48351194e-01
 7.00264790e+00, 4.36037545e+00, 5.03809349e-01
 5.32411032e+00, 3.38861740e+00, 9.01857362e-01
 5.05029372e+00, 3.34535596e+00, 5.18290629e-01
 7.99768476e+00, 3.56773422e+00, 9.71352186e-02
 6.38739776e+00, 3.75485450e+00, 9.07381357e-01
 7.46524904e+00, 3.26222555e+00, 1.83485011e-01
 5.98948745e+00, 4.55300329e+00, 3.79154910e-01
 7.27690801e+00, 3.06501082e+00, 2.64235253e-01
 5.46763898e+00, 4.76794560e+00, 5.69345581e-01
 5.57475635e+00, 3.88023859e+00, 1.96016498e-01
 6.25331922e+00, 2.95823368e+00, 2.92796662e-01
 7.90044794e+00, 4.40982873e+00, 3.77331873e-01
 6.14873631e+00, 2.45556640e+00, 3.55082662e-01
 6.14444516e+00, 2.34335229e+00, 3.56094677e-01
 5.95082740e+00, 2.03851935e+00, 2.15270125e-01
 7.49941699e+00, 4.28413912e+00, 3.31652484e-01
 7.17456148e+00, 3.21353121e+00, 6.42013909e-01
 6.74092593e+00, 3.03617239e+00, 5.62756568e-01
 5.97895309e+00, 2.40347626e+00, 7.51986849e-01
 5.63117630e+00, 2.46108044e+00, 4.51180373e-01
 5.58405211e+00, 3.01862920e+00, 3.67628862e-01
 7.57240354e+00, 2.95580376e+00, 3.01530807e-01
 5.00053411e+00, 2.83059192e+00, 7.94604429e-01
 6.41829364e+00, 2.81768338e+00, 8.73396131e-01
 5.14641465e+00, 2.48149068e+00, 6.17484332e-01
 7.54321014e+00, 3.78975330e+00, 3.52150490e-01
 5.02907919e+00, 4.91727625e+00, 5.00158309e-01
 5.92409889e+00, 2.05192376e+00, 4.21630018e-01
 6.74687877e+00, 4.02957390e+00, 1.91396362e-01
 7.64043711e+00, 4.37958599e+00, 3.27019480e-01
 7.13389761e+00, 3.88963690e+00, 4.06138766e-01
 6.98344358e+00, 3.09759596e+00, 7.43206374e-01
 5.59377974e+00, 4.03972824e+00, 9.26555130e-01
 6.91542706e+00, 2.68640372e+00, 6.22878426e-01
 6.57360568e+00, 2.71668207e+00, 8.37874738e-02
 6.72576615e+00, 3.49285581e+00, 6.59207341e-01
 7.04008431e+00, 4.44011162e+00, 3.92705109e-01
 7.12168561e+00, 2.92757149e+00, 6.13163819e-01
 7.71006570e+00, 2.14340668e+00, 4.67939990e-01
 6.24481005e+00, 2.75721544e+00, 1.92282170e-01
 7.01667913e+00, 4.83853507e+00, 3.63122336e-01
 7.79303971e+00, 4.64385492e+00, 5.83855559e-01
 6.89571737e+00, 3.76111956e+00, 4.53027251e-01
 7.02790942e+00, 2.57009293e+00, 3.33825369e-01
 7.21153965e+00, 4.66169749e+00, 1.14547291e-01
 5.24077805e+00, 2.13472415e+00, 4.58796509e-01
 7.14144122e+00, 4.06653821e+00, 4.93298292e-01
 5.29396007e+00, 3.20692246e+00, 3.72536296e-01
 7.09825638e+00, 4.50218757e+00, 3.12913303e-01
 5.98159375e+00, 4.62729230e+00, 7.38192208e-01
 6.75681922e+00, 3.83724547e+00, 6.68008069e-01
 5.56764940e+00, 4.50823455e+00, 5.43286975e-01
 5.68319632e+00, 3.63495365e+00, 2.46371930e-01
 5.76442466e+00, 4.83040205e+00, 7.21968451e-01
 6.23968465e+00, 2.37712975e+00, 5.60340967e-01
 5.60288526e+00, 4.15956134e+00, 7.40936134e-01
 5.92056172e+00, 4.44551301e+00, 2.23496290e-01
 7.32111926e+00, 2.69843393e+00, 6.66593634e-01
 7.00713591e+00, 3.27022173e+00, 1.26233894e-01
 6.26451549e+00, 4.63635848e+00, 2.25841876e-01
 7.99550066e+00, 2.36586980e+00, 8.68133710e-01
 6.46674023e+00, 3.86302827e+00, 8.04481825e-01
 6.30129146e+00, 3.60615399e+00, 1.46052509e-01
 6.60981154e+00, 4.79310836e+00, 8.76240976e-01
 5.85252359e+00, 3.74783441e+00, 5.89716352e-01
 7.85667020e+00, 4.41243518e+00, 7.92537658e-02
 6.44055287e+00, 3.43857060e+00, 7.92246643e-01
 5.02002295e+00, 3.81692529e+00, 5.28133202e-01
 5.67347201e+00, 3.59118755e+00, 1.38960178e-01
 6.73846895e+00, 4.45032626e+00, 2.20274740e-01
 6.21844031e+00, 4.68190478e+00, 3.74317494e-01
 7.61913742e+00, 3.75900811e+00, 2.57394108e-01
 5.00711220e+00, 3.68379194e+00, 1.24453046e-01
 6.48663647e+00, 3.25178786e+00, 7.74680749e-01
 6.45960155e+00, 4.92041007e+00, 3.99895380e-01
 5.48646315e+00, 3.46007668e+00, 4.71695405e-01
 6.34135648e+00, 4.05982931e+00, 1.23739712e-01
 5.63673131e+00, 2.22037697e+00, 2.89879401e-01
 6.92527915e+00, 2.70447046e+00, 6.06797017e-01
 7.67120573e+00, 3.66431067e+00, 7.45541147e-01
 7.82129897e+00, 2.23419184e+00, 9.15672795e-01
 7.58135701e+00, 2.63813492e+00, 8.57133353e-02
 6.11057074e+00, 3.13352695e+00, 4.21845692e-01
 7.98275528e+00, 2.53074102e+00, 5.44397787e-01
 7.87030061e+00, 4.75753779e+00, 2.36889827e-01
 6.53597227e+00, 3.30222461e+00, 4.79747366e-01
 7.70076139e+00, 2.03098880e+00, 1.52350489e-01
 5.72250284e+00, 4.37409383e+00, 3.35771866e-01
 5.70963136e+00, 2.74189114e+00, 3.50163281e-01
 7.17161826e+00, 4.51464220e+00, 6.89126623e-01
 5.46915871e+00, 4.78505176e+00, 8.67705696e-01
 7.63983382e+00, 2.92567266e+00, 2.43754361e-01
 5.31480178e+00, 3.58875624e+00, 9.23127349e-01
 6.11483180e+00, 4.44478682e+00, 8.77962128e-01
 7.61238053e+00, 4.46180124e+00, 6.63379891e-01
 6.08036540e+00, 4.31324128e+00, 9.38407295e-01
 5.37733781e+00, 3.52883208e+00, 7.25931721e-01
 5.52930868e+00, 3.89077118e+00, 8.55626933e-01
 7.81717366e+00, 3.96726985e+00, 2.98721064e-01
 7.73816733e+00, 4.70494974e+00, 5.37589247e-01
 7.96523091e+00, 2.83895931e+00, 7.97275142e-01
 7.99313217e+00, 4.95131192e+00, 5.86639672e-01
 6.15802998e+00, 2.62001324e+00, 4.12568634e-01
 5.60807975e+00, 4.20571851e+00, 7.04668428e-01
 6.99298156e+00, 3.75600377e+00, 7.48364406e-02
 6.17458429e+00, 3.40614941e+00, 8.21904956e-01
 5.83586165e+00, 3.64993781e+00, 5.54023121e-01
 6.20582852e+00, 4.20434252e+00, 6.39701561e-02
 7.64955835e+00, 4.83620969e+00, 6.79139384e-01
 6.76511586e+00, 2.78588536e+00, 6.52030880e-01
 5.43169177e+00, 3.04243261e+00, 9.43482597e-01
 6.81319475e+00, 4.86456588e+00, 6.89901815e-01
 7.95989118e+00, 4.47825863e+00, 6.77408885e-01
 5.57739107e+00, 2.32234317e+00, 5.20566785e-01
 7.60477481e+00, 3.22343436e+00, 2.38343413e-01
 5.86845178e+00, 2.59526774e+00, 1.68529025e-01
 6.86506334e+00, 2.76581527e+00, 8.79755264e-01
 6.95849296e+00, 2.17578892e+00, 3.18969995e-01
 7.04705827e+00, 4.32128869e+00, 8.13083592e-01
 7.46686717e+00, 4.42743527e+00, 7.52256021e-01
 7.56434444e+00, 3.15761188e+00, 5.16309576e-01
 5.10060952e+00, 2.97579735e+00, 9.10214725e-01
 5.74354312e+00, 4.75564592e+00, 1.95499155e-01
 7.20788327e+00, 2.44533561e+00, 4.41178477e-01
 6.36877941e+00, 4.25762094e+00, 2.55272747e-01
 5.71282917e+00, 3.67700749e+00, 2.25187653e-01
 5.37944234e+00, 3.31544985e+00, 9.18785506e-02
 5.23560106e+00, 4.79072014e+00, 6.08498720e-01
 7.76536639e+00, 3.19928056e+00, 3.80306957e-01
 7.25715715e+00, 3.27679196e+00, 1.99329791e-01
 6.54555457e+00, 3.95393540e+00, 3.00822891e-01
 5.02170514e+00, 2.57813888e+00, 8.37954515e-01
 5.97106834e+00, 3.82894165e+00, 5.08777254e-01
 7.86160645e+00, 2.74962219e+00, 4.98499644e-01
 7.30767322e+00, 2.67077640e+00, 7.81297728e-01
 6.36422149e+00, 2.51084296e+00, 5.46657179e-01
 7.25940140e+00, 4.02421306e+00, 9.05016776e-01
 6.39363354e+00, 2.22733457e+00, 1.54496671e-01
 5.67760613e+00, 3.07948814e+00, 7.64066852e-01
 5.17151604e+00, 2.29759711e+00, 1.08084059e-01
 5.74811940e+00, 3.57318262e+00, 5.67703476e-01
 5.03983683e+00, 4.76388345e+00, 7.06302911e-01
 6.91315083e+00, 4.54310411e+00, 3.53034344e-01
 5.22162032e+00, 2.54463601e+00, 7.41994615e-01
 5.64960311e+00, 3.36464211e+00, 5.12582041e-01
 7.24218537e+00, 3.54200371e+00, 5.33908644e-01
 6.00746618e+00, 2.89659126e+00, 2.54399424e-01
 6.66375315e+00, 4.30403777e+00, 8.91518516e-01
 7.38626442e+00, 3.01332334e+00, 8.97224149e-01
 6.55853254e+00, 2.08579836e+00, 2.48683339e-01
 5.15762581e+00, 2.83258891e+00, 4.30542467e-01
 5.22332094e+00, 2.01292815e+00, 3.02438139e-01
 6.22721124e+00, 4.01642387e+00, 8.43619047e-01
 5.60574021e+00, 3.17090908e+00, 7.99975633e-01
 5.26867009e+00, 3.83309571e+00, 9.14114782e-01
 6.62376083e+00, 3.61501224e+00, 2.31348223e-01
 5.17741479e+00, 2.80459811e+00, 3.42183736e-01
 5.53727444e+00, 2.40009429e+00, 2.04619830e-01
 7.88352938e+00, 3.44110109e+00, 7.94101910e-01
 5.21231641e+00, 4.26977336e+00, 7.88372054e-01
 6.49332151e+00, 4.26543962e+00, 1.72427850e-01
 6.31310310e+00, 4.24070911e+00, 5.29601203e-01
 5.36656697e+00, 2.65563770e+00, 4.26399179e-01
 7.19588064e+00, 2.38313484e+00, 4.89478130e-01
 6.27733737e+00, 3.40895608e+00, 2.68513906e-01
 5.18037897e+00, 4.59080845e+00, 1.74470531e-01
 5.26260005e+00, 2.29443832e+00, 4.60737815e-01
 5.34054073e+00, 4.38328361e+00, 8.53902695e-01
 6.11907746e+00, 3.98010451e+00, 7.28157896e-01
 7.51100768e+00, 4.06147654e+00, 1.50539576e-01
 5.11793969e+00, 3.00999120e+00, 1.82084423e-01
 5.01139599e+00, 3.10536837e+00, 9.02958837e-01
 7.17902984e+00, 4.55845410e+00, 7.73569089e-02
 6.17930647e+00, 2.08254679e+00, 7.54992207e-01
 5.40496090e+00, 4.00529814e+00, 6.98375179e-01
 5.44576138e+00, 3.81231070e+00, 4.96069626e-01
 5.34774338e+00, 3.55667562e+00, 1.79903836e-01
 5.93343749e+00, 2.77384415e+00, 5.47244241e-01
 5.19960126e+00, 2.54675795e+00, 7.39586005e-01
 5.30112804e+00, 3.78276635e+00, 8.64162729e-01
 6.41457534e+00, 3.61717574e+00, 4.25959453e-01
 7.75358119e+00, 2.33702007e+00, 9.09352283e-01
 6.58503585e+00, 3.26865905e+00, 5.31371149e-01
 7.75859461e+00, 2.97172716e+00, 3.14358105e-01
 6.03825330e+00, 3.97987921e+00, 3.94806379e-01
 5.96466243e+00, 3.95727372e+00, 8.83627237e-01
 6.60478584e+00, 4.30006685e+00, 6.10420731e-01
 6.89041329e+00, 3.86655021e+00, 3.39294572e-01
 6.28011190e+00, 4.46856262e+00, 8.60268954e-01
 7.45605686e+00, 2.00601892e+00, 1.89503040e-01
 5.46238235e+00, 3.93225871e+00, 2.67332215e-01
 7.63296737e+00, 4.70930574e+00, 8.40936588e-01
 7.48671955e+00, 4.11447060e+00, 7.73378555e-01
 5.89777232e+00, 2.07493363e+00, 7.66800834e-01
 7.26606920e+00, 2.21495615e+00, 5.78009496e-02
 7.00483766e+00, 4.11746202e+00, 7.67762574e-01
 6.44949954e+00, 3.34334075e+00, 4.42802204e-01
 7.67845377e+00, 4.90468611e+00, 3.24599358e-01
 6.97182418e+00, 4.01993900e+00, 7.59612967e-01
 6.40556700e+00, 3.23273720e+00, 9.64010628e-02
 7.74786557e+00, 4.16520826e+00, 2.43162423e-01
 6.38414475e+00, 2.18286857e+00, 4.69787079e-01
 5.79389444e+00, 2.21090797e+00, 8.28230206e-01
 6.37568947e+00, 4.20064016e+00, 2.10181713e-01
 6.04949307e+00, 3.27222304e+00, 8.95946785e-01
 5.43457345e+00, 4.27518022e+00, 9.17956851e-01
 5.12667301e+00, 2.58897747e+00, 8.57407176e-01
 5.64423247e+00, 3.99414972e+00, 4.49953640e-01
 7.84838509e+00, 3.21514072e+00, 6.17498367e-02
 6.27402472e+00, 2.98730161e+00, 8.55004702e-01
 6.40271452e+00, 3.63619001e+00, 5.61371811e-02
 6.35438656e+00, 4.66770581e+00, 9.22704570e-01
 5.90544890e+00, 4.60304130e+00, 6.94935538e-01
 6.87887461e+00, 3.09064894e+00, 6.28956174e-01
 5.30814249e+00, 2.25181561e+00, 8.43848273e-01
 7.95492743e+00, 4.34921025e+00, 5.65252205e-01
 6.99028748e+00, 4.07768721e+00, 2.59266009e-01
 5.62306283e+00, 3.97620637e+00, 4.39874022e-01
 7.36328242e+00, 4.01354685e+00, 4.77971013e-01
 7.31523634e+00, 3.79730138e+00, 3.12150649e-01
 5.42494231e+00, 3.90247057e+00, 1.22202022e-01
 5.88126512e+00, 3.15295603e+00, 4.39559024e-01
 7.81041888e+00, 2.54206299e+00, 4.87026175e-01
 6.22353379e+00, 2.53799581e+00, 1.84783904e-01
 5.39314546e+00, 3.22784135e+00, 2.56381933e-01
 6.12289497e+00, 2.55011594e+00, 3.85900082e-01
 6.39579920e+00, 4.49699891e+00, 4.08209350e-01
 6.40081354e+00, 3.13018684e+00, 4.23234764e-01
 6.75164225e+00, 3.93013368e+00, 4.66421323e-01
 7.92787094e+00, 3.19206811e+00, 1.71042088e-01
 6.90799938e+00, 2.66486115e+00, 5.86128628e-01
 5.39748080e+00, 2.02948402e+00, 3.25521038e-01
 7.12976891e+00, 2.37409153e+00, 1.67280547e-01
 7.41894488e+00, 2.06777524e+00, 8.70713371e-01
 7.06008083e+00, 3.65557977e+00, 8.85074626e-01
 7.29101721e+00, 4.96118903e+00, 1.27192587e-01
 6.54395266e+00, 4.98242824e+00, 6.03569838e-01
 5.30496613e+00, 3.85442236e+00, 2.35774415e-01
 7.41582090e+00, 3.12064995e+00, 6.83042620e-01
 5.64623381e+00, 3.54576862e+00, 2.33080936e-01
 6.90467442e+00, 4.29173627e+00, 3.68215498e-01
 7.07545176e+00, 4.19116443e+00, 6.46206184e-01
 7.90405969e+00, 2.43273534e+00, 4.80307957e-01
 7.85267077e+00, 4.87970235e+00, 4.28045211e-01
 7.62942991e+00, 3.42567074e+00, 3.03408924e-01
 7.46235060e+00, 2.46779421e+00, 2.08630338e-01
 7.27096569e+00, 4.47526988e+00, 5.23835346e-01
 7.34281113e+00, 2.75070312e+00, 7.57067600e-02
 6.61173508e+00, 2.98625704e+00, 2.21934166e-01
 6.40824335e+00, 3.67063074e+00, 3.20985671e-01
 5.18656802e+00, 4.81290729e+00, 6.39996713e-01
 6.52056823e+00, 4.16874412e+00, 3.64313750e-01
 5.85752976e+00, 3.39470698e+00, 3.71735013e-01
 6.89723975e+00, 4.14402483e+00, 4.72489697e-01
 5.09474509e+00, 2.07079213e+00, 4.24481316e-01
 7.36412936e+00, 3.88413641e+00, 5.58292943e-01
 6.70664543e+00, 3.68260320e+00, 1.69647184e-01
 7.15998588e+00, 4.71643362e+00, 2.97356936e-01
 7.10562665e+00, 3.51511931e+00, 5.21760263e-01
 7.21830345e+00, 2.84744763e+00, 8.65344055e-01
 7.18731791e+00, 2.22229479e+00, 1.52735641e-01
 7.95652516e+00, 4.15073818e+00, 8.09107982e-02
 5.68884759e+00, 3.57785940e+00, 2.18835026e-01
 5.76794051e+00, 2.65385633e+00, 7.84446914e-01
 6.20737693e+00, 2.90612038e+00, 6.32502999e-02
 5.24885592e+00, 3.37703330e+00, 4.51608063e-01
 5.26461880e+00, 4.76231435e+00, 8.83154404e-01
 6.62189713e+00, 4.30980076e+00, 5.31899357e-01
 5.61283610e+00, 2.81945037e+00, 9.19500351e-01
 6.53282056e+00, 3.18324396e+00, 6.86561031e-01
 5.84812263e+00, 4.32830241e+00, 7.33361142e-01
 6.17780139e+00, 3.12256883e+00, 8.26064096e-01
 7.01061121e+00, 4.82193257e+00, 7.92542968e-01
 6.30385572e+00, 4.81014467e+00, 8.94265754e-01
 5.40076945e+00, 4.08238212e+00, 2.48919218e-01
 7.92970869e+00, 4.93030589e+00, 6.36685942e-01
 6.32967842e+00, 2.30701310e+00, 6.14821469e-01
 7.30119089e+00, 2.72903295e+00, 1.02710046e-01
 5.04679434e+00, 3.84295589e+00, 6.72339203e-01
 5.50496345e+00, 4.52085905e+00, 9.45903788e-01
 7.57914355e+00, 4.94679019e+00, 9.48528830e-01
 7.74900943e+00, 2.28437068e+00, 2.17949538e-01
 5.19466996e+00, 2.59178747e+00, 4.85990380e-01
 6.84697014e+00, 2.43643150e+00, 2.80884811e-01
 6.35830172e+00, 3.19578230e+00, 8.51349920e-01
 5.66541030e+00, 2.47866635e+00, 6.06146904e-01
 5.38439052e+00, 4.09158607e+00, 6.35381454e-01
 6.90148571e+00, 4.00083919e+00, 5.78278893e-01
 7.61892261e+00, 3.78143563e+00, 5.53987078e-01
 6.93497121e+00, 3.39848028e+00, 7.01310966e-01
 5.49794243e+00, 2.95348279e+00, 3.97927915e-01
 6.38274735e+00, 4.30360755e+00, 1.63796054e-01
 5.96046010e+00, 4.67823203e+00, 8.66113670e-01
 6.26116665e+00, 2.25642830e+00, 5.22791746e-01
 6.90844850e+00, 2.46346427e+00, 5.07063052e-01
 5.40762137e+00, 4.63999288e+00, 5.25624697e-01
 5.35323885e+00, 3.33532735e+00, 7.50307170e-01
 5.75837841e+00, 2.93617577e+00, 3.63241427e-01
 5.97696751e+00, 2.87085507e+00, 5.15708930e-02
 7.63615831e+00, 2.75960539e+00, 6.70419249e-01
 7.65283198e+00, 2.68750739e+00, 3.85462680e-01
 6.43342368e+00, 2.49385442e+00, 3.15627821e-01
 7.49590515e+00, 4.58327049e+00, 4.57145070e-01
 5.53141070e+00, 4.00199281e+00, 6.76569543e-01
 6.65151438e+00, 3.86082775e+00, 2.83894409e-01
 6.94195349e+00, 4.88576864e+00, 1.48879854e-01
 6.04511438e+00, 4.55195477e+00, 5.06129753e-01
 5.97288588e+00, 4.49440492e+00, 6.58338246e-01
 7.94788415e+00, 3.85218815e+00, 8.67658274e-02
 6.05384582e+00, 4.07006581e+00, 6.14156845e-01
 6.07803660e+00, 4.03391028e+00, 4.32545603e-01
 6.32593311e+00, 3.62384004e+00, 8.41472740e-01
 7.70401003e+00, 2.19818331e+00, 8.22352661e-01
 5.00500061e+00, 3.51859594e+00, 7.29989058e-01
 6.02376758e+00, 4.24301717e+00, 5.67160690e-01
 6.76952418e+00, 3.33289073e+00, 3.11793060e-01
 6.21134615e+00, 2.56415268e+00, 6.98956861e-01
 5.05797423e+00, 4.23176648e+00, 7.96245262e-01
 5.71458417e+00, 3.72122672e+00, 8.24532847e-01
 5.69717797e+00, 4.42460368e+00, 7.59079011e-01
 6.70388061e+00, 3.41648762e+00, 8.46836932e-01
 7.81430410e+00, 3.66056839e+00, 4.89071110e-01
 5.54428972e+00, 2.10734086e+00, 7.76055765e-01
 7.98851270e+00, 2.19690040e+00, 8.14800462e-01
 7.86441317e+00, 4.57461508e+00, 5.08091153e-01
 7.93203622e+00, 3.03158684e+00, 3.93685059e-01
 7.09455392e+00, 2.41920294e+00, 2.42590803e-01
 7.78825253e+00, 4.74054634e+00, 3.75242449e-01
 6.69989934e+00, 4.73351693e+00, 3.37066567e-01
 5.72865072e+00, 3.73130751e+00, 2.51167576e-01
 7.68532827e+00, 4.63230481e+00, 7.63475867e-01
 7.10853081e+00, 4.40721522e+00, 2.79916133e-01
 6.33705279e+00, 2.38540037e+00, 5.87405704e-01
 6.21613769e+00, 4.36138203e+00, 8.98737636e-01
 7.33244237e+00, 4.47215713e+00, 1.34951341e-01
 7.50494120e+00, 3.56127463e+00, 2.65299689e-01
 7.69712022e+00, 2.99169620e+00, 4.91561448e-01
 6.99947722e+00, 3.91525179e+00, 8.23579663e-01
 5.32949040e+00, 3.42422914e+00, 2.77724183e-01
 5.78750470e+00, 2.65822619e+00, 9.13098269e-01
 7.73108015e+00, 3.02426934e+00, 9.47258087e-01
 6.78728480e+00, 3.99039790e+00, 2.16069765e-01
 7.94540607e+00, 2.96692710e+00, 1.85366776e-01
 7.87836871e+00, 2.33562725e+00, 4.23808014e-01
 6.68824664e+00, 3.53140632e+00, 2.69918407e-01
 6.46948573e+00, 2.41125538e+00, 9.06151981e-01
 7.43709589e+00, 3.91047986e+00, 7.33015100e-01
 5.66152883e+00, 3.32011437e+00, 8.36761382e-01
 6.62736073e+00, 4.27232981e+00, 1.49851647e-01
 5.12944631e+00, 2.94351031e+00, 7.08651762e-01
 6.42479403e+00, 2.96239716e+00, 1.42689292e-01
 7.48745175e+00, 4.21164148e+00, 5.21363422e-01
 6.55661554e+00, 2.78660740e+00, 4.42156312e-01
 6.61956755e+00, 4.93179343e+00, 4.31449976e-01
 7.72906263e+00, 4.10458449e+00, 6.74138859e-01
 6.71316629e+00, 4.84250902e+00, 6.41155442e-01
 5.36473281e+00, 3.37255460e+00, 3.40896462e-01
 7.07090268e+00, 4.73774994e+00, 5.90266813e-02
 5.56589331e+00, 2.69031347e+00, 3.57521020e-01
 7.77624164e+00, 4.81576520e+00, 6.96311833e-01
 5.79849340e+00, 2.60953617e+00, 3.09808140e-01
 6.69516745e+00, 4.68972465e+00, 3.22807851e-01
 5.99345202e+00, 2.88009571e+00, 8.91101270e-01
 6.04274994e+00, 4.91375977e+00, 5.51450759e-01
 7.77135848e+00, 4.98765661e+00, 5.50260048e-01
 5.92852671e+00, 4.65305077e+00, 5.65947351e-02
 5.21801051e+00, 4.61375568e+00, 3.98673742e-01
 5.83149428e+00, 3.85975757e+00, 8.52243035e-01
 6.57840098e+00, 3.45456374e+00, 6.44057982e-01
 5.65674683e+00, 4.90855866e+00, 2.16901816e-01
 6.05742440e+00, 4.38893445e+00, 5.39657050e-01
 5.56153915e+00, 2.20470328e+00, 8.07779619e-01
 7.14442978e+00, 3.50543367e+00, 4.16789207e-01
 7.97469618e+00, 4.93953606e+00, 4.97172771e-01
 6.06358828e+00, 4.87614148e+00, 8.50854890e-01
 7.82999324e+00, 2.49918185e+00, 3.70408453e-01
 5.48229836e+00, 2.85246169e+00, 4.64336570e-01
 7.86510840e+00, 4.86593004e+00, 1.16100362e-01
 6.82644270e+00, 3.55777805e+00, 2.99747864e-01
 7.90234600e+00, 2.18752920e+00, 4.44416632e-01
 7.23464907e+00, 3.29055041e+00, 5.92732094e-01
 5.35750040e+00, 4.14082060e+00, 1.28022789e-01
 7.16523518e+00, 2.93413835e+00, 7.69364123e-01
 7.82801580e+00, 2.11639241e+00, 6.38339435e-01
 7.94921334e+00, 2.97975085e+00, 3.33448809e-01
 6.72165904e+00, 2.41522800e+00, 8.42540814e-01
 7.27379911e+00, 3.22557604e+00, 7.87175194e-01
 6.37792761e+00, 2.70532837e+00, 6.81054944e-01
 6.54801855e+00, 2.13511578e+00, 8.62198032e-01
 5.55649716e+00, 2.72254249e+00, 8.73618625e-01
 6.81185562e+00, 2.39596789e+00, 6.63861857e-01
 5.61949099e+00, 2.34043359e+00, 8.07887419e-01
 6.94879230e+00, 3.69696712e+00, 2.70902926e-01
 7.79637588e+00, 4.22888875e+00, 6.15723687e-01
 5.38193566e+00, 4.99361403e+00, 4.03725468e-01
 5.36029630e+00, 4.25116154e+00, 1.13632806e-01
 7.21034216e+00, 3.94191799e+00, 7.14615199e-02
 7.45312549e+00, 4.41546380e+00, 5.36889084e-01
 7.13822506e+00, 4.25498532e+00, 6.62353623e-02
 5.77494294e+00, 3.25580340e+00, 6.55794895e-01
 5.32028297e+00, 3.38367807e+00, 8.34296548e-01
 7.80135722e+00, 4.67072507e+00, 2.73198194e-01
 5.90146480e+00, 2.39665499e+00, 4.15522111e-01
 7.70769726e+00, 2.93238590e+00, 3.73833715e-01
 7.91157324e+00, 2.15372747e+00, 5.99893935e-02
 6.77504120e+00, 3.98504018e+00, 8.35198381e-01
 5.05682897e+00, 4.04296210e+00, 1.56497516e-01
 6.82859975e+00, 2.94672838e+00, 8.36061232e-01
 6.61601532e+00, 2.84283135e+00, 9.03416635e-01
 6.30657867e+00, 2.02061728e+00, 3.08319222e-01
 5.28915057e+00, 3.92039421e+00, 4.19763712e-01
 5.55481420e+00, 2.48623924e+00, 9.00577851e-01
 6.92297251e+00, 4.52447878e+00, 5.20688562e-02
 7.52140408e+00, 3.68774045e+00, 2.88570958e-01
 6.97778330e+00, 2.67412477e+00, 9.21050941e-01
 7.59579714e+00, 2.47586888e+00, 2.28406348e-01
 7.16788131e+00, 3.16991032e+00, 5.27678832e-01
 5.88920854e+00, 2.64636088e+00, 1.44711353e-01
 5.13777697e+00, 3.13677496e+00, 7.72465958e-01
 5.84429191e+00, 4.31833918e+00, 2.06096038e-01
 5.08860654e+00, 3.89939281e+00, 7.25011082e-01
 7.02945545e+00, 4.62442828e+00, 9.13641028e-01
 6.77057926e+00, 4.72307402e+00, 8.46079216e-01
 7.06753209e+00, 3.11474986e+00, 4.10337395e-01
 5.35511949e+00, 2.66715669e+00, 3.10666923e-01
 7.05116062e+00, 4.38726347e+00, 1.98192365e-01
 5.58712510e+00, 4.57888219e+00, 4.63096888e-01
 5.86474271e+00, 3.92509163e+00, 2.03332584e-01
 6.03364748e+00, 4.77281532e+00, 5.30198003e-02
 5.91603539e+00, 3.25990985e+00, 4.02936002e-01
 6.83895489e+00, 3.60196203e+00, 7.60473092e-01
 7.30445978e+00, 3.18566867e+00, 2.32273467e-01
 6.13251970e+00, 4.47100477e+00, 5.92531704e-01
 6.02866620e+00, 4.24412826e+00, 9.19314509e-01
 5.75026853e+00, 2.90263893e+00, 8.29155799e-01
 6.53820440e+00, 4.40009232e+00, 5.40851414e-01
 5.74469977e+00, 3.73456002e+00, 6.91563864e-01
 7.91460960e+00, 4.64135731e+00, 4.45157102e-01
 7.44187015e+00, 4.77547674e+00, 2.63601405e-01
 5.08045414e+00, 3.34738455e+00, 7.57248529e-01
 5.45660516e+00, 2.38022033e+00, 6.53899515e-01
 6.26721430e+00, 2.64429090e+00, 7.86563175e-01
 7.39129005e+00, 3.84518939e+00, 7.74378515e-01
 5.19569401e+00, 3.81067115e+00, 3.60962878e-01
 6.55227444e+00, 2.48930099e+00, 6.47255928e-01
 7.03816129e+00, 4.95933819e+00, 2.39577579e-01
 7.88171950e+00, 3.47096087e+00, 4.63630741e-01
 7.42352544e+00, 2.35161205e+00, 1.29545012e-01
 6.47231951e+00, 2.17780624e+00, 8.16415531e-01
 5.39066384e+00, 2.01011025e+00, 2.10280096e-01
 5.80818192e+00, 3.21188917e+00, 7.04278602e-01
 7.44593677e+00, 2.79028328e+00, 4.90739940e-01
 5.76090869e+00, 3.05494508e+00, 7.88925523e-01
 6.87516634e+00, 4.37679606e+00, 8.90620882e-02
 6.12919323e+00, 2.87612891e+00, 3.94107807e-01
 5.37289096e+00, 2.02323517e+00, 9.34147240e-01
 7.98129165e+00, 4.85384919e+00, 1.16701481e-01
 7.02197813e+00, 4.39342339e+00, 7.31885329e-01
 6.31488474e+00, 4.07550945e+00, 7.49454282e-01
 7.65889093e+00, 4.70883504e+00, 8.11363840e-01
 7.36053888e+00, 3.58419006e+00, 7.01694039e-01
 6.92649887e+00, 4.21667096e+00, 1.93438511e-01
 5.20413634e+00, 4.09905212e+00, 4.87463770e-01
 5.47229497e+00, 3.44681847e+00, 3.46825599e-01
 6.50242786e+00, 3.90770637e+00, 8.28139295e-02
 7.29920275e+00, 4.51325833e+00, 7.83725403e-01
 5.72511285e+00, 3.80623919e+00, 7.77886227e-01
 6.96479030e+00, 4.27908797e+00, 8.80089996e-01
 5.84108355e+00, 4.72500166e+00, 8.63160634e-01
 5.42211310e+00, 3.34036623e+00, 5.34704367e-01
 6.59549314e+00, 2.05695766e+00, 7.30431717e-01
 5.99787568e+00, 4.59652981e+00, 4.47256784e-01
 5.62753529e+00, 4.02613208e+00, 1.80611735e-01
 7.84165752e+00, 3.11263236e+00, 5.49112393e-01
 5.02514170e+00, 2.79648740e+00, 5.65977861e-01
 7.47672294e+00, 4.05016801e+00, 6.00807244e-01
 6.65357768e+00, 3.37445865e+00, 5.80512881e-01
 5.06438697e+00, 2.50658914e+00, 6.49546602e-01
 6.12542652e+00, 2.14888071e+00, 4.46896954e-01
 5.67838353e+00, 4.53992741e+00, 9.28687377e-01
 7.28863904e+00, 2.27729587e+00, 8.26865291e-01
 7.51425600e+00, 3.00726243e+00, 1.57713693e-01
 6.16948444e+00, 2.05858224e+00, 3.59050416e-01
 6.03569392e+00, 4.84536261e+00, 9.33480414e-01
 5.61166904e+00, 2.10251597e+00, 3.29564253e-01
 5.68590070e+00, 2.39241509e+00, 7.16055408e-01
 6.46270295e+00, 2.80121607e+00, 8.53526080e-01
 7.34328953e+00, 3.10283853e+00, 6.72995856e-01
 7.06343824e+00, 4.48787518e+00, 7.47854272e-01
 5.31778593e+00, 4.11940154e+00, 5.58811396e-01
 7.45973200e+00, 3.76565374e+00, 1.33105551e-01
 5.66885298e+00, 3.83267689e+00, 3.82593019e-01
 6.94545664e+00, 4.73081358e+00, 4.27298055e-01
 5.15404580e+00, 3.30972791e+00, 9.36235347e-01
 6.99657472e+00, 2.56231325e+00, 8.17332277e-01
 7.60920502e+00, 2.23276081e+00, 5.90781543e-01
 6.44358714e+00, 4.16940985e+00, 3.22038673e-01
 7.97079839e+00, 2.32747810e+00, 7.91022981e-01
 7.28255174e+00, 2.93996253e+00, 8.31518634e-01
 6.68296746e+00, 4.53393217e+00, 6.66362207e-01
 6.31756043e+00, 4.48274181e+00, 4.67225979e-01
 7.33501012e+00, 2.68393362e+00, 3.42755685e-01
 7.66305220e+00, 2.30160771e+00, 6.97144949e-01
 6.52802456e+00, 3.80019812e+00, 1.35686322e-01
 6.49872924e+00, 3.08886515e+00, 4.33497772e-01
 5.58841137e+00, 4.39595950e+00, 4.84255686e-01
 6.97537326e+00, 4.09018021e+00, 1.83092641e-01
 7.76196489e+00, 4.50654511e+00, 4.49388618e-01
 7.47475571e+00, 3.70714902e+00, 5.98550682e-01
 6.57794053e+00, 2.71105489e+00, 5.70668245e-01
 5.45928288e+00, 3.71660434e+00, 2.51609165e-01
 7.01354334e+00, 4.10279292e+00, 3.06842505e-01
 5.88533571e+00, 3.70249680e+00, 6.70043254e-01
 7.11028767e+00, 2.73280461e+00, 4.76911648e-01
 7.62683003e+00, 4.72012266e+00, 4.17545597e-01
 5.31043684e+00, 4.86885534e+00, 7.34040578e-02
 5.24420526e+00, 4.33691771e+00, 5.43601653e-02
 7.53343914e+00, 2.27086121e+00, 4.37138556e-01
 7.24982486e+00, 2.18981354e+00, 3.24355219e-01
 7.08931836e+00, 3.57861633e+00, 6.33277665e-01
 7.91623625e+00, 4.28687074e+00, 2.02303852e-01
 7.09292793e+00, 4.43820825e+00, 2.90517299e-01
 5.41420565e+00, 3.23579597e+00, 5.10240632e-01
 7.52646034e+00, 3.95041589e+00, 1.20366814e-01
 6.51042833e+00, 3.73867862e+00, 2.19333470e-01
 6.58129885e+00, 2.55717898e+00, 1.65633108e-01
 5.51554256e+00, 4.05221603e+00, 4.84994959e-01
 5.80312933e+00, 3.00071459e+00, 9.32871226e-01
 6.71619587e+00, 3.42161349e+00, 9.43876626e-01
 7.19040803e+00, 4.16043119e+00, 8.33461716e-01
 5.08529791e+00, 4.69169932e+00, 1.73821136e-01
 7.93530275e+00, 3.07119748e+00, 7.15265548e-01
 5.83762078e+00, 3.24478536e+00, 7.24417820e-01
 5.25985749e+00, 4.99732877e+00, 3.55848303e-01
 7.92274780e+00, 2.58175290e+00, 6.08716386e-02
 6.13578168e+00, 3.67171152e+00, 6.42913683e-01
 6.80117174e+00, 4.52849770e+00, 8.82187625e-01
 6.96950553e+00, 3.41546733e+00, 3.97129448e-01
 6.19174674e+00, 3.66594295e+00, 6.18859721e-01
 6.84068864e+00, 3.99651701e+00, 2.30272839e-01
 7.39867470e+00, 3.49733798e+00, 1.59201042e-01
 7.19881997e+00, 4.34771556e+00, 8.20078324e-01
 5.27813359e+00, 3.71388549e+00, 8.72187070e-01
 7.57642879e+00, 2.28840797e+00, 8.96513928e-01
 6.51522761e+00, 3.46284027e+00, 6.27509148e-01
 6.13933938e+00, 2.04052476e+00, 6.32330243e-01
 7.35325084e+00, 2.15727641e+00, 7.05331895e-01
 5.90955283e+00, 3.28505389e+00, 8.90568774e-01
 6.20243775e+00, 2.97286342e+00, 8.87959475e-01
 7.74124468e+00, 2.12507847e+00, 2.71920869e-01
 5.99929705e+00, 4.51911896e+00, 7.55720592e-01
 7.47184670e+00, 2.85561422e+00, 7.85967063e-01
 5.03562008e+00, 3.05831647e+00, 7.44287482e-01
 7.69624344e+00, 2.85920539e+00, 2.00887696e-01
 7.22190431e+00, 2.89174871e+00, 1.64521886e-01
 7.83555180e+00, 3.01672751e+00, 3.53624345e-01
 7.23951833e+00, 4.45820978e+00, 6.03004296e-01
 6.15589638e+00, 3.46987604e+00, 1.55924441e-01
 7.93975771e+00, 3.06239876e+00, 1.09004218e-01
 5.55867759e+00, 2.26907389e+00, 2.33702130e-01
 7.35729396e+00, 4.15520302e+00, 1.15573056e-01
 5.44948300e+00, 4.04318559e+00, 7.95763731e-01
 5.86375540e+00, 2.16439432e+00, 7.65105125e-01
 6.18268839e+00, 2.56806785e+00, 1.18649038e-01
 6.98217636e+00, 2.90519518e+00, 6.95748199e-01
 7.56918136e+00, 4.22390588e+00, 7.90596550e-01
 5.63308399e+00, 3.03838923e+00, 7.27136609e-01
 6.59017532e+00, 2.61621928e+00, 6.18188480e-01
 5.42626636e+00, 4.53184582e+00, 1.60985585e-01
 6.14126748e+00, 3.84059667e+00, 2.52704533e-01
 7.53133153e+00, 4.72864710e+00, 5.63773004e-01
 5.20965012e+00, 2.09954328e+00, 2.58646988e-01
 5.29602724e+00, 4.29520261e+00, 1.58306756e-01
 6.91959603e+00, 3.28958788e+00, 2.45298594e-01
 7.55890322e+00, 2.77581911e+00, 1.97142431e-01
 6.93936703e+00, 4.84826680e+00, 4.12730848e-01
 5.43963141e+00, 4.54775259e+00, 9.82812216e-02
 5.73501917e+00, 4.12143200e+00, 2.83050114e-01
 5.73206239e+00, 3.74207049e+00, 8.02494756e-01
 6.45574308e+00, 3.97019227e+00, 5.50674356e-02
 5.11400167e+00, 3.77640617e+00, 5.13341353e-01
 5.89198388e+00, 4.87195279e+00, 5.95461654e-01
 6.49533762e+00, 4.21093144e+00, 7.69089639e-01
 6.74578356e+00, 4.08540292e+00, 5.99819532e-01
 7.14849579e+00, 2.74495148e+00, 6.52148591e-01
 6.95203077e+00, 2.31764410e+00, 5.50566037e-01
 6.59678019e+00, 2.47100067e+00, 5.09375331e-01
 6.47500613e+00, 3.24161683e+00, 1.75948493e-01
 5.91390285e+00, 4.59427998e+00, 5.16014861e-01
 6.63650027e+00, 2.94807444e+00, 6.37464954e-01
 7.71717360e+00, 2.55333121e+00, 7.61651863e-01
 6.15002088e+00, 2.48430551e+00, 7.78257492e-01
 6.15276784e+00, 4.26061114e+00, 5.25183199e-01
 6.64353264e+00, 4.79988643e+00, 7.82907796e-01
 5.52288353e+00, 2.63554501e+00, 2.54257177e-01
 7.48117125e+00, 2.32055314e+00, 1.37066403e-01
 6.34008576e+00, 4.67496176e+00, 3.04687690e-01
 5.28284211e+00, 2.00021179e+00, 1.00331618e-01
 7.14737395e+00, 4.05566723e+00, 7.12523606e-01
 5.92211528e+00, 3.29666916e+00, 4.20052145e-01
 6.08503309e+00, 2.85057486e+00, 1.72083763e-01
 6.23010351e+00, 2.16751359e+00, 6.45162371e-01
 6.95334159e+00, 3.12523801e+00, 9.45257472e-01
 7.69126757e+00, 3.11811784e+00, 5.17398512e-01
 5.07774699e+00, 3.32776877e+00, 6.84580703e-01
 6.84802127e+00, 2.62616791e+00, 9.04426095e-01
 6.64097316e+00, 3.35959097e+00, 6.04546382e-01
 6.02023907e+00, 4.75009094e+00, 7.79689136e-01
 7.03518064e+00, 3.20180283e+00, 2.88025111e-01
 5.81792316e+00, 3.97322157e+00, 9.94265448e-02
 5.48533872e+00, 3.98815263e+00, 7.36688762e-01
 6.23473811e+00, 2.83401996e+00, 7.45963801e-01
 6.75329463e+00, 4.89853843e+00, 4.35288966e-01
 5.23789472e+00, 2.20100796e+00, 1.04206516e-01
 5.09236279e+00, 2.90915899e+00, 9.39704498e-02
 5.69286221e+00, 3.61154654e+00, 5.11296112e-01
 5.12034419e+00, 2.32681151e+00, 4.74755517e-01
 6.76082930e+00, 3.94865849e+00, 2.23863894e-01
 6.93718942e+00, 2.60501379e+00, 1.94549332e-01
 7.29214906e+00, 3.79633477e+00, 9.11117600e-01
 5.06843602e+00, 4.75374705e+00, 2.08069786e-01
 5.01704153e+00, 4.88075738e+00, 8.05404733e-01
 5.50920392e+00, 2.33081460e+00, 6.68583060e-01
 6.56413291e+00, 3.06091401e+00, 6.31044287e-01
 5.99242146e+00, 3.46651539e+00, 4.97436364e-01
 6.88376275e+00, 4.45632987e+00, 6.43990196e-01
 6.28172549e+00, 2.25352667e+00, 7.23838340e-01
 6.05032412e+00, 3.92714565e+00, 9.40209660e-01
 5.01212038e+00, 4.81924495e+00, 7.48825993e-01
 5.79701149e+00, 2.34502464e+00, 1.40865282e-01
 7.58794959e+00, 4.28026043e+00, 5.38063893e-01
